{
	"maps": [
		{
			"name": "2042",
			"id": "map_2042",
			"min_rank": "5",
			"max_rank": "27",
			"max_players": "20",
			"tdm": true,
			"ctf": true,
			"skybox_id": "skybox_desert",
			"theme_id": "Лето"
		},
		{
			"name": "2042",
			"id": "map_2042_winter",
			"min_rank": "5",
			"max_rank": "27",
			"max_players": "20",
			"tdm": true,
			"ctf": true,
			"skybox_id": "skybox_winter",
			"theme_id": "Зима"
		},		
		{
			"name": "Бездна",
			"id": "map_abyss",
			"min_rank": "5",
			"max_rank": "27",
			"max_players": "24",
			"tdm": true,
			"ctf": true,
			"skybox_id": "skybox_desert",
			"theme_id": "Лето"	
		},
		{
			"name": "Бездна",
			"id": "map_abyss_winter",
			"min_rank": "5",
			"max_rank": "27",
			"max_players": "24",
			"tdm": true,
			"ctf": true,
			"skybox_id": "skybox_winter",
			"theme_id": "Зима"
		},
		{
			"name": "Арена",
			"id": "map_arena",
			"min_rank": "5",
			"max_rank": "27",
			"max_players": "8",
			"tdm": true,
			"ctf": false,
			"skybox_id": "skybox_desert",
			"theme_id": "Лето"				
		},
		{
			"name": "Арена",
			"id": "map_arena_winter",
			"min_rank": "5",
			"max_rank": "27",
			"max_players": "8",
			"tdm": true,
			"ctf": false,
			"skybox_id": "skybox_winter",
			"theme_id": "Зима"	
		},						
		{
			"name": "Атра",
			"id": "map_atra",
			"min_rank": "5",
			"max_rank": "27",
			"max_players": "10",
			"tdm": true,
			"ctf": true,
			"skybox_id": "skybox_desert",
			"theme_id": "Лето"				
		},
		{
			"name": "Атра",
			"id": "map_atra_winter",
			"min_rank": "5",
			"max_rank": "27",
			"max_players": "10",
			"tdm": true,
			"ctf": true,
			"skybox_id": "skybox_winter",
			"theme_id": "Зима"				
		},		
		{
			"name": "Атра II",
			"id": "map_atra_2",
			"min_rank": "5",
			"max_rank": "27",
			"max_players": "10",
			"tdm": true,
			"ctf": true,
			"skybox_id": "skybox_desert",
			"theme_id": "Лето"					
		},
		{
			"name": "Атра II",
			"id": "map_atra_2_winter",
			"min_rank": "5",
			"max_rank": "27",
			"max_players": "10",
			"tdm": true,
			"ctf": true,
			"skybox_id": "skybox_winter",
			"theme_id": "Зима"				
		},		
		{
			"name": "Барда",
			"id": "map_barda",
			"min_rank": "5",
			"max_rank": "27",
			"max_players": "16",
			"tdm": true,
			"ctf": true,
			"skybox_id": "skybox_default",
			"theme_id": "Лето"				
		},
		{
			"name": "Барда",
			"id": "map_barda_winter",
			"min_rank": "5",
			"max_rank": "27",
			"max_players": "16",
			"tdm": true,
			"ctf": true,
			"skybox_id": "skybox_winter",
			"theme_id": "Зима"				
		},		
		{
			"name": "Берлин",
			"id": "map_berlin",
			"min_rank": "5",
			"max_rank": "27",
			"max_players": "32",
			"tdm": true,
			"ctf": true,
			"skybox_id": "skybox_default",
			"theme_id": "Лето"				
		},
		{
			"name": "Берлин",
			"id": "map_berlin_winter",
			"min_rank": "5",
			"max_rank": "27",
			"max_players": "32",
			"tdm": true,
			"ctf": true,
			"skybox_id": "skybox_winter",
			"theme_id": "Зима"				
		},		
		{
			"name": "Бобруйск",
			"id": "map_bobruisk",
			"min_rank": "5",
			"max_rank": "27",
			"max_players": "20",
			"tdm": true,
			"ctf": true,
			"skybox_id": "skybox_default",
			"theme_id": "Лето"				
		},
		{
			"name": "Бобруйск",
			"id": "map_bobruisk_winter",
			"min_rank": "5",
			"max_rank": "27",
			"max_players": "20",
			"tdm": true,
			"ctf": true,
			"skybox_id": "skybox_winter",
			"theme_id": "Зима"				
		},		
		{
			"name": "Бумбокс",
			"id": "map_boombox",
			"min_rank": "1",
			"max_rank": "27",
			"max_players": "8",
			"tdm": true,
			"ctf": true,
			"skybox_id": "skybox_default",
			"theme_id": "Лето"			
		},
		{
			"name": "Бумбокс",
			"id": "map_boombox_winter",
			"min_rank": "1",
			"max_rank": "27",
			"max_players": "8",
			"tdm": true,
			"ctf": true,
			"skybox_id": "skybox_winter",
			"theme_id": "Зима"			
		},
		{
			"name": "Брест",
			"id": "map_brest",
			"min_rank": "5",
			"max_rank": "27",
			"max_players": "24",
			"tdm": true,
			"ctf": true,
			"skybox_id": "skybox_default",
			"theme_id": "Лето"				
		},
		{
			"name": "Брест",
			"id": "map_brest_winter",
			"min_rank": "5",
			"max_rank": "27",
			"max_players": "24",
			"tdm": true,
			"ctf": true,
			"skybox_id": "skybox_winter",
			"theme_id": "Зима"				
		},		
		{
			"name": "Брест II",
			"id": "map_brest_2",
			"min_rank": "5",
			"max_rank": "27",
			"max_players": "24",
			"tdm": true,
			"ctf": true,
			"skybox_id": "skybox_default",
			"theme_id": "Лето"				
		},
		{
			"name": "Брест II",
			"id": "map_brest_2_winter",
			"min_rank": "5",
			"max_rank": "27",
			"max_players": "24",
			"tdm": true,
			"ctf": true,
			"skybox_id": "skybox_winter",
			"theme_id": "Зима"				
		},		
		{
			"name": "Мосты",
			"id": "map_bridges",
			"min_rank": "5",
			"max_rank": "27",
			"max_players": "20",
			"tdm": true,
			"ctf": true,
			"skybox_id": "skybox_default",
			"theme_id": "Лето"				
		},
		{
			"name": "Мосты",
			"id": "map_bridges_winter",
			"min_rank": "5",
			"max_rank": "27",
			"max_players": "20",
			"tdm": true,
			"ctf": true,
			"skybox_id": "skybox_winter",
			"theme_id": "Зима"				
		},		
		{
			"name": "Лагерь",
			"id": "map_camp",
			"min_rank": "6",
			"max_rank": "27",
			"max_players": "12",
			"tdm": true,
			"ctf": false,
			"skybox_id": "skybox_desert",
			"theme_id": "Лето"				
		},
		{
			"name": "Лагерь",
			"id": "map_camp_winter",
			"min_rank": "6",
			"max_rank": "27",
			"max_players": "12",
			"tdm": true,
			"ctf": false,
			"skybox_id": "skybox_winter",
			"theme_id": "Зима"				
		},		
		{
			"name": "Каньон",
			"id": "map_canyon",
			"min_rank": "9",
			"max_rank": "27",
			"max_players": "12",
			"tdm": true,
			"ctf": true,
			"skybox_id": "skybox_desert",
			"theme_id": "Лето"				
		},
		{
			"name": "Каньон",
			"id": "map_canyon_winter",
			"min_rank": "9",
			"max_rank": "27",
			"max_players": "12",
			"tdm": true,
			"ctf": true,
			"skybox_id": "skybox_winter",
			"theme_id": "Зима"				
		},		
		{
			"name": "Овраг",
			"id": "map_combe",
			"min_rank": "5",
			"max_rank": "27",
			"max_players": "8",
			"tdm": true,
			"ctf": true,
			"skybox_id": "skybox_desert",
			"theme_id": "Лето"			
		},
		{
			"name": "Овраг",
			"id": "map_combe_winter",
			"min_rank": "5",
			"max_rank": "27",
			"max_players": "8",
			"tdm": true,
			"ctf": true,
			"skybox_id": "skybox_winter",
			"theme_id": "Зима"			
		},		
		{
			"name": "Кураж",
			"id": "map_courage",
			"min_rank": "5",
			"max_rank": "27",
			"max_players": "16",
			"tdm": true,
			"ctf": true,
			"skybox_id": "skybox_desert",
			"theme_id": "Лето"				
		},
		{
			"name": "Кураж",
			"id": "map_courage_winter",
			"min_rank": "5",
			"max_rank": "27",
			"max_players": "16",
			"tdm": true,
			"ctf": true,
			"skybox_id": "skybox_winter",
			"theme_id": "Зима"				
		},		
		{
			"name": "Перекрёсток",
			"id": "map_cross",
			"min_rank": "5",
			"max_rank": "27",
			"max_players": "10",
			"tdm": true,
			"ctf": true,
			"skybox_id": "skybox_default",
			"theme_id": "Лето"				
		},
		{
			"name": "Перекрёсток",
			"id": "map_cross_winter",
			"min_rank": "5",
			"max_rank": "27",
			"max_players": "10",
			"tdm": true,
			"ctf": true,
			"skybox_id": "skybox_winter",
			"theme_id": "Зима"				
		},		
		{
			"name": "Трек",
			"id": "map_deathtrack",
			"min_rank": "5",
			"max_rank": "27",
			"max_players": "20",
			"tdm": true,
			"ctf": true,
			"skybox_id": "skybox_default",
			"theme_id": "Лето"				
		},
		{
			"name": "Трек",
			"id": "map_deathtrack_winter",
			"min_rank": "5",
			"max_rank": "27",
			"max_players": "20",
			"tdm": true,
			"ctf": true,
			"skybox_id": "skybox_winter",
			"theme_id": "Зима"				
		},		
		{
			"name": "Палуба-9",
			"id": "map_deck9",
			"min_rank": "16",
			"max_rank": "27",
			"max_players": "8",
			"tdm": true,
			"ctf": true,
			"skybox_id": "skybox_desert",
			"theme_id": "Лето"			
		},
		{
			"name": "Палуба-9",
			"id": "map_deck9_winter",
			"min_rank": "16",
			"max_rank": "27",
			"max_players": "8",
			"tdm": true,
			"ctf": true,
			"skybox_id": "skybox_winter",
			"theme_id": "Зима"			
		},		
		{
			"name": "Пустыня",
			"id": "map_desert",
			"min_rank": "8",
			"max_rank": "27",
			"max_players": "20",
			"tdm": true,
			"ctf": true,
			"skybox_id": "skybox_desert",
			"theme_id": "Лето"			
		},
		{
			"name": "Пустыня",
			"id": "map_desert_winter",
			"min_rank": "8",
			"max_rank": "27",
			"max_players": "20",
			"tdm": true,
			"ctf": true,
			"skybox_id": "skybox_winter",
			"theme_id": "Зима"	
		},		
		{
			"name": "Дуэль",
			"id": "map_duel",
			"min_rank": "16",
			"max_rank": "27",
			"max_players": "2",
			"tdm": true,
			"ctf": false,
			"skybox_id": "skybox_default",
			"theme_id": "Лето"				
		},
		{
			"name": "Дуэль",
			"id": "map_duel_winter",
			"min_rank": "16",
			"max_rank": "27",
			"max_players": "2",
			"tdm": true,
			"ctf": false,
			"skybox_id": "skybox_winter",
			"theme_id": "Зима"				
		},		
		{
			"name": "Дуалити",
			"id": "map_dualiti",
			"min_rank": "16",
			"max_rank": "27",
			"max_players": "8",
			"tdm": true,
			"ctf": false,
			"skybox_id": "skybox_default",
			"theme_id": "Лето"				
		},
		{
			"name": "Дуалити",
			"id": "map_dualiti_winter",
			"min_rank": "16",
			"max_rank": "27",
			"max_players": "8",
			"tdm": true,
			"ctf": false,
			"skybox_id": "skybox_winter",
			"theme_id": "Зима"				
		},		
		{
			"name": "Дюссельдорф",
			"id": "map_dusseldorf",
			"min_rank": "5",
			"max_rank": "27",
			"max_players": "40",
			"tdm": true,
			"ctf": true,
			"skybox_id": "skybox_default",
			"theme_id": "Лето"				
		},
		{
			"name": "Дюссельдорф",
			"id": "map_dusseldorf_winter",
			"min_rank": "5",
			"max_rank": "27",
			"max_players": "40",
			"tdm": true,
			"ctf": true,
			"skybox_id": "skybox_winter",
			"theme_id": "Зима"				
		},		
		{
			"name": "Эспланада",
			"id": "map_esplanade",
			"min_rank": "11",
			"max_rank": "27",
			"max_players": "24",
			"tdm": true,
			"ctf": true,
			"skybox_id": "skybox_default",
			"theme_id": "Лето"				
		},
		{
			"name": "Эспланада",
			"id": "map_esplanade_winter",
			"min_rank": "11",
			"max_rank": "27",
			"max_players": "24",
			"tdm": true,
			"ctf": true,
			"skybox_id": "skybox_winter",
			"theme_id": "Зима"			
		},			
		{
			"name": "Ферма",
			"id": "map_farm",
			"min_rank": "6",
			"max_rank": "27",
			"max_players": "8",
			"tdm": true,
			"ctf": true,
			"skybox_id": "skybox_desert",
			"theme_id": "Лето"					
		},
		{
			"name": "Ферма",
			"id": "map_farm_winter",
			"min_rank": "6",
			"max_rank": "27",
			"max_players": "8",
			"tdm": true,
			"ctf": true,
			"skybox_id": "skybox_winter",
			"theme_id": "Зима"					
		},		
		{
			"name": "Форест",
			"id": "map_forest",
			"min_rank": "5",
			"max_rank": "27",
			"max_players": "20",
			"tdm": true,
			"ctf": true,
			"skybox_id": "skybox_default",
			"theme_id": "Лето"					
		},
		{
			"name": "Форест",
			"id": "map_forest_winter",
			"min_rank": "5",
			"max_rank": "27",
			"max_players": "20",
			"tdm": true,
			"ctf": true,
			"skybox_id": "skybox_winter",
			"theme_id": "Зима"					
		},		
		{
			"name": "Форт Нокс",
			"id": "map_fortknox",
			"min_rank": "3",
			"max_rank": "27",
			"max_players": "10",
			"tdm": true,
			"ctf": true,
			"skybox_id": "skybox_default",
			"theme_id": "Лето"				
		},
		{
			"name": "Форт Нокс",
			"id": "map_fortknox_winter",
			"min_rank": "3",
			"max_rank": "27",
			"max_players": "10",
			"tdm": true,
			"ctf": true,
			"skybox_id": "skybox_winter",
			"theme_id": "Зима"	
		},		
		{
			"name": "Форт Нокс II",
			"id": "map_fortknoxII",
			"min_rank": "5",
			"max_rank": "27",
			"max_players": "14",
			"tdm": true,
			"ctf": true,
			"skybox_id": "skybox_default",
			"theme_id": "Лето"			
		},
		{
			"name": "Форт Нокс II",
			"id": "map_fortknoxII_winter",
			"min_rank": "5",
			"max_rank": "27",
			"max_players": "14",
			"tdm": true,
			"ctf": true,
			"skybox_id": "skybox_winter",
			"theme_id": "Зима"			
		},		
		{
			"name": "Форт Нокс III",
			"id": "map_fort_knox_III",
			"min_rank": "5",
			"max_rank": "27",
			"max_players": "10",
			"tdm": true,
			"ctf": true,
			"skybox_id": "skybox_default",
			"theme_id": "Лето"				
		},
		{
			"name": "Форт Нокс III",
			"id": "map_fort_knox_III_winter",
			"min_rank": "5",
			"max_rank": "27",
			"max_players": "10",
			"tdm": true,
			"ctf": true,
			"skybox_id": "skybox_winter",
			"theme_id": "Зима"	
		},		
		{
			"name": "Гардер",
			"id": "map_garder",
			"min_rank": "5",
			"max_rank": "27",
			"max_players": "12",
			"tdm": true,
			"ctf": true,
			"skybox_id": "skybox_desert",
			"theme_id": "Лето"				
		},
		{
			"name": "Гардер",
			"id": "map_garder_winter",
			"min_rank": "5",
			"max_rank": "27",
			"max_players": "12",
			"tdm": true,
			"ctf": true,
			"skybox_id": "skybox_winter",
			"theme_id": "Зима"				
		},		
		{
			"name": "Гравити",
			"id": "map_gravity",
			"min_rank": "5",
			"max_rank": "27",
			"max_players": "20",
			"tdm": true,
			"ctf": true,
			"skybox_id": "skybox_desert",
			"theme_id": "Лето"				
		},
		{
			"name": "Гравити",
			"id": "map_gravity_winter",
			"min_rank": "5",
			"max_rank": "27",
			"max_players": "20",
			"tdm": true,
			"ctf": true,
			"skybox_id": "skybox_winter",
			"theme_id": "Зима"					
		},		
		{
			"name": "Губаха",
			"id": "map_gubakha",
			"min_rank": "5",
			"max_rank": "27",
			"max_players": "20",
			"tdm": true,
			"ctf": true,
			"skybox_id": "skybox_default",
			"theme_id": "Лето"				
		},
		{
			"name": "Губаха",
			"id": "map_gubakha_winter",
			"min_rank": "5",
			"max_rank": "27",
			"max_players": "20",
			"tdm": true,
			"ctf": true,
			"skybox_id": "skybox_winter",
			"theme_id": "Зима"				
		},		
		{
			"name": "Плато",
			"id": "map_highland",
			"min_rank": "5",
			"max_rank": "27",
			"max_players": "14",
			"tdm": true,
			"ctf": true,
			"skybox_id": "skybox_desert",
			"theme_id": "Лето"				
		},
		{
			"name": "Плато",
			"id": "map_highland_winter",
			"min_rank": "5",
			"max_rank": "27",
			"max_players": "14",
			"tdm": true,
			"ctf": true,
			"skybox_id": "skybox_winter",
			"theme_id": "Зима"				
		},		
		{
			"name": "Плато II",
			"id": "map_highland_II",
			"min_rank": "12",
			"max_rank": "27",
			"max_players": "14",
			"tdm": true,
			"ctf": true,
			"skybox_id": "skybox_desert",
			"theme_id": "Лето"				
		},
		{
			"name": "Плато II",
			"id": "map_highland_II_winter",
			"min_rank": "12",
			"max_rank": "27",
			"max_players": "14",
			"tdm": true,
			"ctf": true,
			"skybox_id": "skybox_winter",
			"theme_id": "Зима"				
		},		
		{
			"name": "Холм",
			"id": "map_hill",
			"min_rank": "16",
			"max_rank": "27",
			"max_players": "8",
			"tdm": true,
			"ctf": true,
			"skybox_id": "skybox_desert",	
			"theme_id": "Лето"				
		},	
		{
			"name": "Холм",
			"id": "map_hill_winter",
			"min_rank": "16",
			"max_rank": "27",
			"max_players": "8",
			"tdm": true,
			"ctf": true,
			"skybox_id": "skybox_winter",
			"theme_id": "Зима"		
		},			
		{
			"name": "Промзона",
			"id": "map_industrial_zone",
			"min_rank": "5",
			"max_rank": "27",
			"max_players": "20",
			"tdm": true,
			"ctf": true,
			"skybox_id": "skybox_desert",
			"theme_id": "Лето"				
		},
		{
			"name": "Промзона",
			"id": "map_industrial_zone_winter",
			"min_rank": "5",
			"max_rank": "27",
			"max_players": "20",
			"tdm": true,
			"ctf": true,
			"skybox_id": "skybox_winter",
			"theme_id": "Зима"	
		},		
		{
			"name": "Иран",
			"id": "map_iran",
			"min_rank": "5",
			"max_rank": "27",
			"max_players": "20",
			"tdm": true,
			"ctf": true,
			"skybox_id": "skybox_iran"
		},
		{
			"name": "Остров",
			"id": "map_island",
			"min_rank": "6",
			"max_rank": "27",
			"max_players": "6",
			"tdm": true,
			"ctf": true,
			"skybox_id": "skybox_desert",
			"theme_id": "Лето"				
		},
		{
			"name": "Остров",
			"id": "map_island_winter",
			"min_rank": "6",
			"max_rank": "27",
			"max_players": "6",
			"tdm": true,
			"ctf": true,
			"skybox_id": "skybox_winter",
			"theme_id": "Зима"	
		},		
		{
			"name": "Колхоз",
			"id": "map_kolhoz",
			"min_rank": "5",
			"max_rank": "27",
			"max_players": "24",
			"tdm": true,
			"ctf": true,
			"skybox_id": "skybox_default",
			"theme_id": "Лето"				
		},
		{
			"name": "Колхоз",
			"id": "map_kolhoz_winter",
			"min_rank": "5",
			"max_rank": "27",
			"max_players": "24",
			"tdm": true,
			"ctf": true,
			"skybox_id": "skybox_winter",
			"theme_id": "Зима"	
		},		
		{
			"name": "Кунгур",
			"id": "map_kungur",
			"min_rank": "5",
			"max_rank": "27",
			"max_players": "24",
			"tdm": true,
			"ctf": true,
			"skybox_id": "skybox_default",
			"theme_id": "Лето"				
		},
		{
			"name": "Кунгур",
			"id": "map_kungur_winter",
			"min_rank": "5",
			"max_rank": "27",
			"max_players": "24",
			"tdm": true,
			"ctf": true,
			"skybox_id": "skybox_winter",
			"theme_id": "Зима"
		},		
		{
			"name": "Тэмпл",
			"id": "map_losttemple",
			"min_rank": "5",
			"max_rank": "27",
			"max_players": "32",
			"tdm": true,
			"ctf": true,
			"skybox_id": "skybox_default",
			"theme_id": "Лето"			
		},
		{
			"name": "Тэмпл",
			"id": "map_losttemple_winter",
			"min_rank": "5",
			"max_rank": "27",
			"max_players": "32",
			"tdm": true,
			"ctf": true,
			"skybox_id": "skybox_winter",
			"theme_id": "Зима"
		},		
		{
			"name": "Безумие",
			"id": "map_madness",
			"min_rank": "5",
			"max_rank": "27",
			"max_players": "32",
			"tdm": true,
			"ctf": true,
			"skybox_id": "skybox_desert",
			"theme_id": "Лето"			
		},
		{
			"name": "Безумие",
			"id": "map_madness_winter",
			"min_rank": "5",
			"max_rank": "27",
			"max_players": "32",
			"tdm": true,
			"ctf": true,
			"skybox_id": "skybox_winter",
			"theme_id": "Зима"
		},		
		{
			"name": "Магадан",
			"id": "map_magadan",
			"min_rank": "5",
			"max_rank": "27",
			"max_players": "8",
			"tdm": true,
			"ctf": true,
			"skybox_id": "skybox_default",
			"theme_id": "Лето"			
		},
		{
			"name": "Магадан",
			"id": "map_magadan_winter",
			"min_rank": "5",
			"max_rank": "27",
			"max_players": "8",
			"tdm": true,
			"ctf": true,
			"skybox_id": "skybox_winter",
			"theme_id": "Зима"
		},		
		{
			"name": "Магистраль",
			"id": "map_magistral",
			"min_rank": "5",
			"max_rank": "27",
			"max_players": "24",
			"tdm": true,
			"ctf": true,
			"skybox_id": "skybox_default",
			"theme_id": "Лето"			
		},
		{
			"name": "Магистраль",
			"id": "map_magistral_winter",
			"min_rank": "5",
			"max_rank": "27",
			"max_players": "24",
			"tdm": true,
			"ctf": true,
			"skybox_id": "skybox_winter",
			"theme_id": "Зима"
		},		
		{
			"name": "Бойня",
			"id": "map_massacre",
			"min_rank": "16",
			"max_rank": "27",
			"max_players": "10",
			"tdm": true,
			"ctf": true,
			"skybox_id": "skybox_desert",
			"theme_id": "Лето"			
		},
		{
			"name": "Бойня",
			"id": "map_massacre_winter",
			"min_rank": "16",
			"max_rank": "27",
			"max_players": "10",
			"tdm": true,
			"ctf": true,
			"skybox_id": "skybox_winter",
			"theme_id": "Зима"
		},		
		{
			"name": "Молотов",
			"id": "map_molotov",
			"min_rank": "5",
			"max_rank": "27",
			"max_players": "20",
			"tdm": true,
			"ctf": true,
			"skybox_id": "skybox_default",
			"theme_id": "Лето"			
		},
		{
			"name": "Молотов",
			"id": "map_molotov_winter",
			"min_rank": "5",
			"max_rank": "27",
			"max_players": "20",
			"tdm": true,
			"ctf": true,
			"skybox_id": "skybox_winter",
			"theme_id": "Зима"
		},		
		{
			"name": "Монте-Карло",
			"id": "map_montecarlo",
			"min_rank": "9",
			"max_rank": "27",
			"max_players": "20",
			"tdm": true,
			"ctf": true,
			"skybox_id": "skybox_default",
			"theme_id": "Лето"			
		},
		{
			"name": "Монте-Карло",
			"id": "map_montecarlo_winter",
			"min_rank": "9",
			"max_rank": "27",
			"max_players": "20",
			"tdm": true,
			"ctf": true,
			"skybox_id": "skybox_winter",
			"theme_id": "Зима"
		},		
		{
			"name": "Трибьют",
			"id": "map_tribute",
			"min_rank": "5",
			"max_rank": "27",
			"max_players": "16",
			"tdm": true,
			"ctf": true,
			"skybox_id": "skybox_default",
			"theme_id": "Лето"			
		},
		{
			"name": "Трибьют",
			"id": "map_tribute_winter",
			"min_rank": "5",
			"max_rank": "27",
			"max_players": "16",
			"tdm": true,
			"ctf": true,
			"skybox_id": "skybox_winter",
			"theme_id": "Зима"
		},		
		{
			"name": "Шум",
			"id": "map_noise",
			"min_rank": "5",
			"max_rank": "27",
			"max_players": "16",
			"tdm": true,
			"ctf": true,
			"skybox_id": "skybox_desert",
			"theme_id": "Лето"			
		},
		{
			"name": "Шум",
			"id": "map_noise_winter",
			"min_rank": "5",
			"max_rank": "27",
			"max_players": "16",
			"tdm": true,
			"ctf": true,
			"skybox_id": "skybox_winter",
			"theme_id": "Зима"
		},		
		{
			"name": "Новэл",
			"id": "map_novel",
			"min_rank": "5",
			"max_rank": "27",
			"max_players": "20",
			"tdm": true,
			"ctf": true,
			"skybox_id": "skybox_desert",
			"theme_id": "Лето"			
		},
		{
			"name": "Новэл",
			"id": "map_novel_winter",
			"min_rank": "5",
			"max_rank": "27",
			"max_players": "20",
			"tdm": true,
			"ctf": true,
			"skybox_id": "skybox_winter",
			"theme_id": "Зима"
		},		
		{
			"name": "Противостояние",
			"id": "map_opposition",
			"min_rank": "8",
			"max_rank": "27",
			"max_players": "20",
			"tdm": true,
			"ctf": true,
			"skybox_id": "skybox_desert",
			"theme_id": "Лето"			
		},
		{
			"name": "Противостояние",
			"id": "map_opposition_winter",
			"min_rank": "8",
			"max_rank": "27",
			"max_players": "20",
			"tdm": true,
			"ctf": true,
			"skybox_id": "skybox_winter",
			"theme_id": "Зима"
		},		
		{
			"name": "Оса",
			"id": "map_osa",
			"min_rank": "5",
			"max_rank": "27",
			"max_players": "24",
			"tdm": true,
			"ctf": true,
			"skybox_id": "skybox_default",
			"theme_id": "Лето"			
		},
		{
			"name": "Оса",
			"id": "map_osa_winter",
			"min_rank": "5",
			"max_rank": "27",
			"max_players": "24",
			"tdm": true,
			"ctf": true,
			"skybox_id": "skybox_winter",
			"theme_id": "Зима"
		},		
		{
			"name": "Парма",
			"id": "map_parma",
			"min_rank": "5",
			"max_rank": "27",
			"max_players": "20",
			"tdm": true,
			"ctf": true,
			"skybox_id": "skybox_default",
			"theme_id": "Лето"			
		},
		{
			"name": "Парма",
			"id": "map_parma_winter",
			"min_rank": "5",
			"max_rank": "27",
			"max_players": "20",
			"tdm": true,
			"ctf": true,
			"skybox_id": "skybox_winter",
			"theme_id": "Зима"
		},		
		{
			"name": "Перевал",
			"id": "map_pass",
			"min_rank": "5",
			"max_rank": "27",
			"max_players": "10",
			"tdm": true,
			"ctf": true,
			"skybox_id": "skybox_desert",
			"theme_id": "Лето"			
		},
		{
			"name": "Перевал",
			"id": "map_pass_winter",
			"min_rank": "5",
			"max_rank": "27",
			"max_players": "10",
			"tdm": true,
			"ctf": true,
			"skybox_id": "skybox_winter",
			"theme_id": "Зима"
		},		
		{
			"name": "Пинг-Понг",
			"id": "map_pingpong",
			"min_rank": "6",
			"max_rank": "27",
			"max_players": "6",
			"tdm": true,
			"ctf": true,
			"skybox_id": "skybox_desert",
			"theme_id": "Лето"			
		},
		{
			"name": "Пинг-Понг",
			"id": "map_pingpong_winter",
			"min_rank": "6",
			"max_rank": "27",
			"max_players": "6",
			"tdm": true,
			"ctf": true,
			"skybox_id": "skybox_winter",
			"theme_id": "Зима"
		},		
		{
			"name": "Полигон",
			"id": "map_polygon",
			"min_rank": "5",
			"max_rank": "27",
			"max_players": "16",
			"tdm": true,
			"ctf": true,
			"skybox_id": "skybox_desert",
			"theme_id": "Лето"			
		},
		{
			"name": "Полигон",
			"id": "map_polygon_winter",
			"min_rank": "5",
			"max_rank": "27",
			"max_players": "16",
			"tdm": true,
			"ctf": true,
			"skybox_id": "skybox_winter",
			"theme_id": "Зима"
		},		
		{
			"name": "Позиция",
			"id": "map_position",
			"min_rank": "5",
			"max_rank": "27",
			"max_players": "16",
			"tdm": true,
			"ctf": true,
			"skybox_id": "skybox_desert",
			"theme_id": "Лето"			
		},
		{
			"name": "Позиция",
			"id": "map_position_winter",
			"min_rank": "5",
			"max_rank": "27",
			"max_players": "16",
			"tdm": true,
			"ctf": true,
			"skybox_id": "skybox_winter",
			"theme_id": "Зима"	
		},		
		{
			"name": "Ред Алерт",
			"id": "map_redalert",
			"min_rank": "5",
			"max_rank": "27",
			"max_players": "16",
			"tdm": true,
			"ctf": true,
			"skybox_id": "skybox_default",
			"theme_id": "Лето"			
		},
		{
			"name": "Ред Алерт",
			"id": "map_redalert_winter",
			"min_rank": "5",
			"max_rank": "27",
			"max_players": "16",
			"tdm": true,
			"ctf": true,
			"skybox_id": "skybox_winter",
			"theme_id": "Зима"
		},		
		{
			"name": "Сандал",
			"id": "map_sandal",
			"min_rank": "1",
			"max_rank": "27",
			"max_players": "10",
			"tdm": true,
			"ctf": true,
			"skybox_id": "skybox_default",
			"theme_id": "Лето"			
		},
		{
			"name": "Сандал",
			"id": "map_sandal_winter",
			"min_rank": "1",
			"max_rank": "27",
			"max_players": "10",
			"tdm": true,
			"ctf": true,
			"skybox_id": "skybox_winter",
			"theme_id": "Зима"
		},		
		{
			"name": "Песочница",
			"id": "map_sandbox",
			"min_rank": "1",
			"max_rank": "27",
			"max_players": "8",
			"tdm": true,
			"ctf": true,
			"skybox_id": "skybox_default",
			"theme_id": "Лето"			
		},
		{
			"name": "Песочница",
			"id": "map_sandbox_winter",
			"min_rank": "1",
			"max_rank": "27",
			"max_players": "8",
			"tdm": true,
			"ctf": true,
			"skybox_id": "skybox_winter",
			"theme_id": "Зима"
		},		
		{
			"name": "Простор",
			"id": "map_scope",
			"min_rank": "7",
			"max_rank": "27",
			"max_players": "20",
			"tdm": true,
			"ctf": true,
			"skybox_id": "skybox_desert",
			"theme_id": "Лето"			
		},
		{
			"name": "Простор",
			"id": "map_scope_winter",
			"min_rank": "7",
			"max_rank": "27",
			"max_players": "20",
			"tdm": true,
			"ctf": true,
			"skybox_id": "skybox_winter",
			"theme_id": "Зима"
		},		
		{
			"name": "Серпухов",
			"id": "map_serpuhov",
			"min_rank": "5",
			"max_rank": "27",
			"max_players": "20",
			"tdm": true,
			"ctf": true,
			"skybox_id": "skybox_default",
			"theme_id": "Лето"				
		},
		{
			"name": "Серпухов",
			"id": "map_serpuhov_winter",
			"min_rank": "5",
			"max_rank": "27",
			"max_players": "20",
			"tdm": true,
			"ctf": true,
			"skybox_id": "skybox_winter",
			"theme_id": "Зима"
		},		
		{
			"name": "Мостик",
			"id": "map_shortbridge",
			"min_rank": "3",
			"max_rank": "27",
			"max_players": "10",
			"tdm": true,
			"ctf": true,
			"skybox_id": "skybox_default",
			"theme_id": "Лето"			
		},
		{
			"name": "Мостик",
			"id": "map_shortbridge_winter",
			"min_rank": "3",
			"max_rank": "27",
			"max_players": "10",
			"tdm": true,
			"ctf": true,
			"skybox_id": "skybox_winter",
			"theme_id": "Зима"
		},		
		{
			"name": "Осада",
			"id": "map_siege",
			"min_rank": "5",
			"max_rank": "27",
			"max_players": "24",
			"tdm": true,
			"ctf": true,
			"skybox_id": "skybox_default",
			"theme_id": "Лето"			
		},
		{
			"name": "Осада",
			"id": "map_siege_winter",
			"min_rank": "5",
			"max_rank": "27",
			"max_players": "24",
			"tdm": true,
			"ctf": true,
			"skybox_id": "skybox_winter",
			"theme_id": "Зима"
		},		
		{
			"name": "Тишина",
			"id": "map_silence",
			"min_rank": "5",
			"max_rank": "27",
			"max_players": "20",
			"tdm": true,
			"ctf": true,
			"skybox_id": "skybox_desert",
			"theme_id": "Лето"			
		},
		{
			"name": "Тишина",
			"id": "map_silence_winter",
			"min_rank": "5",
			"max_rank": "27",
			"max_players": "20",
			"tdm": true,
			"ctf": true,
			"skybox_id": "skybox_winter",
			"theme_id": "Зима"
		},		
		{
			"name": "Тишина II",
			"id": "map_silence_2",
			"min_rank": "5",
			"max_rank": "27",
			"max_players": "20",
			"tdm": true,
			"ctf": true,
			"skybox_id": "skybox_desert",
			"theme_id": "Лето"				
		},
		{
			"name": "Тишина II",
			"id": "map_silence_2_winter",
			"min_rank": "5",
			"max_rank": "27",
			"max_players": "20",
			"tdm": true,
			"ctf": true,
			"skybox_id": "skybox_winter",
			"theme_id": "Зима"
		},		
		{
			"name": "Жаворонки",
			"id": "map_skylark",
			"min_rank": "5",
			"max_rank": "27",
			"max_players": "24",
			"tdm": true,
			"ctf": true,
			"skybox_id": "skybox_default",
			"theme_id": "Лето"			
		},
		{
			"name": "Жаворонки",
			"id": "map_skylark_winter",
			"min_rank": "5",
			"max_rank": "27",
			"max_players": "24",
			"tdm": true,
			"ctf": true,
			"skybox_id": "skybox_winter",
			"theme_id": "Зима"
		},		
		{
			"name": "Соликамск",
			"id": "map_solikamsk",
			"min_rank": "5",
			"max_rank": "27",
			"max_players": "24",
			"tdm": true,
			"ctf": true,
			"skybox_id": "skybox_default",
			"theme_id": "Лето"				
		},
		{
			"name": "Соликамск",
			"id": "map_solikamsk_winter",
			"min_rank": "5",
			"max_rank": "27",
			"max_players": "24",
			"tdm": true,
			"ctf": true,
			"skybox_id": "skybox_winter",
			"theme_id": "Зима"
		},		
		{
			"name": "Стадион",
			"id": "map_stadium",
			"min_rank": "6",
			"max_rank": "27",
			"max_players": "20",
			"tdm": true,
			"ctf": true,
			"skybox_id": "skybox_desert",
			"theme_id": "Лето"	
		},
		{
			"name": "Стадион",
			"id": "map_stadium_winter",
			"min_rank": "6",
			"max_rank": "27",
			"max_players": "20",
			"tdm": true,
			"ctf": true,
			"skybox_id": "skybox_winter",
			"theme_id": "Зима"
		},		
		{
			"name": "Станция",
			"id": "map_station",
			"min_rank": "5",
			"max_rank": "27",
			"max_players": "16",
			"tdm": true,
			"ctf": true,
			"skybox_id": "skybox_desert",
			"theme_id": "Лето"				
		},
		{
			"name": "Станция",
			"id": "map_station_winter",
			"min_rank": "5",
			"max_rank": "27",
			"max_players": "16",
			"tdm": true,
			"ctf": true,
			"skybox_id": "skybox_winter",
			"theme_id": "Зима"
		},		
		{
			"name": "Подземка",
			"id": "map_subway",
			"min_rank": "11",
			"max_rank": "27",
			"max_players": "20",
			"tdm": true,
			"ctf": true,
			"skybox_id": "skybox_default",
			"theme_id": "Лето"				
		},
		{
			"name": "Подземка",
			"id": "map_subway_winter",
			"min_rank": "11",
			"max_rank": "27",
			"max_players": "20",
			"tdm": true,
			"ctf": true,
			"skybox_id": "skybox_winter",
			"theme_id": "Зима"
		},		
		{
			"name": "Долина",
			"id": "map_valley",
			"min_rank": "11",
			"max_rank": "27",
			"max_players": "20",
			"tdm": true,
			"ctf": true,
			"skybox_id": "skybox_desert",
			"theme_id": "Лето"			
		},
		{
			"name": "Долина",
			"id": "map_valley_winter",
			"min_rank": "11",
			"max_rank": "27",
			"max_players": "20",
			"tdm": true,
			"ctf": true,
			"skybox_id": "skybox_winter",
			"theme_id": "Зима"
		},		
		{
			"name": "Волна",
			"id": "map_wave",
			"min_rank": "16",
			"max_rank": "27",
			"max_players": "8",
			"tdm": true,
			"ctf": true,
			"skybox_id": "skybox_desert",
			"theme_id": "Лето"			
		},
		{
			"name": "Волна",
			"id": "map_wave_winter",
			"min_rank": "16",
			"max_rank": "27",
			"max_players": "8",
			"tdm": true,
			"ctf": true,
			"skybox_id": "skybox_winter",
			"theme_id": "Зима"
		},		
		{
			"name": "Вольфенштейн",
			"id": "map_wolfenstein",
			"min_rank": "5",
			"max_rank": "27",
			"max_players": "24",
			"tdm": true,
			"ctf": true,
			"skybox_id": "skybox_default",
			"theme_id": "Лето"			
		},
		{
			"name": "Вольфенштейн",
			"id": "map_wolfenstein_winter",
			"min_rank": "5",
			"max_rank": "27",
			"max_players": "24",
			"tdm": true,
			"ctf": true,
			"skybox_id": "skybox_winter",
			"theme_id": "Зима"
		},		
		{
			"name": "Зона",
			"id": "map_zone",
			"min_rank": "16",
			"max_rank": "27",
			"max_players": "12",
			"tdm": true,
			"ctf": true,
			"skybox_id": "skybox_desert",
			"theme_id": "Лето"			
		},
		{
			"name": "Зона",
			"id": "map_zone_winter",
			"min_rank": "16",
			"max_rank": "27",
			"max_players": "12",
			"tdm": true,
			"ctf": true,
			"skybox_id": "skybox_winter",
			"theme_id": "Зима"
		},		
		{
			"name": "Ущелье",
			"id": "map_u",
			"min_rank": "5",
			"max_rank": "27",
			"max_players": "12",
			"tdm": true,
			"ctf": true,
			"skybox_id": "skybox_default",
			"theme_id": "Лето"			
		},
		{
			"name": "Ущелье",
			"id": "map_u_winter",
			"min_rank": "5",
			"max_rank": "27",
			"max_players": "12",
			"tdm": true,
			"ctf": true,
			"skybox_id": "skybox_winter",
			"theme_id": "Зима"
		},		
		{
			"name": "Чернобыль",
			"id": "map_chornobyl",
			"min_rank": "5",
			"max_rank": "27",
			"max_players": "24",
			"tdm": true,
			"ctf": true,
			"skybox_id": "skybox_default",
			"theme_id": "Лето"			
		},
		{
			"name": "Чернобыль",
			"id": "map_chornobyl_winter",
			"min_rank": "5",
			"max_rank": "27",
			"max_players": "24",
			"tdm": true,
			"ctf": true,
			"skybox_id": "skybox_winter",
			"theme_id": "Зима"
		},		
		{
			"name": "Шоссе",
			"id": "map_highway",
			"min_rank": "8",
			"max_rank": "27",
			"max_players": "24",
			"tdm": true,
			"ctf": true,
			"skybox_id": "skybox_default",
			"theme_id": "Лето"			
		},
		{
			"name": "Шоссе",
			"id": "map_highway_winter",
			"min_rank": "8",
			"max_rank": "27",
			"max_players": "24",
			"tdm": true,
			"ctf": true,
			"skybox_id": "skybox_winter",
			"theme_id": "Зима"
		},		
		{
			"name": "Вокзал",
			"id": "map_vokzal",
			"min_rank": "5",
			"max_rank": "27",
			"max_players": "20",
			"tdm": true,
			"ctf": true,
			"skybox_id": "skybox_default",
			"theme_id": "Лето"			
		},
		{
			"name": "Вокзал",
			"id": "map_vokzal_winter",
			"min_rank": "5",
			"max_rank": "27",
			"max_players": "20",
			"tdm": true,
			"ctf": true,
			"skybox_id": "skybox_winter",
			"theme_id": "Зима"
		},		
		{
			"name": "de_dust_2",
			"id": "map_dust",
			"min_rank": "25",
			"max_rank": "27",
			"max_players": "10",
			"tdm": true,
			"ctf": true,
			"skybox_id": "skybox_desert"
		} ,
		{
			"name": "halloween",
			"id": "map_halloween",
			"min_rank": "25",
			"max_rank": "27",
			"max_players": "10",
			"tdm": true,
			"ctf": true,
			"skybox_id": "skybox_halloween",
			"ambient_sound_id": "halloween_sound_id",
			"gamemode_id": "night"
		} ,
		{
			"name": "С Новым Годом 2018!",
			"id": "2018_S_Novym_Godom",
			"min_rank": "1",
			"max_rank": "27",
			"max_players": "12",
			"tdm": true,
			"ctf": true,
			"skybox_id": "skybox_winter"
		} ,
		{
			"name": "Киберспорт",
			"id": "map_cybersport",
			"min_rank": "25",
			"max_rank": "27",
			"max_players": "20",
			"tdm": true,
			"ctf": true,
			"skybox_id": "skybox_default",
			"theme_id": "Зима"
		} ,
		{
			"name": "Киберспорт",
			"id": "map_cybersport_winter",
			"min_rank": "25",
			"max_rank": "27",
			"max_players": "20",
			"tdm": true,
			"ctf": true,
			"skybox_id": "skybox_winter",
			"theme_id": "Зима"
			
		} ,
		{
			"name": "Брянцев",
			"id": "map_bryncev",
			"min_rank": "25",
			"max_rank": "27",
			"max_players": "10",
			"tdm": true,
			"ctf": true,
			"skybox_id": "skybox_desert"
			"theme_id": "Лето"
		} ,
		{
			"name": "Бастион",
			"id": "map_bastion",
			"min_rank": "11",
			"max_rank": "27",
			"max_players": "20",
			"tdm": true,
			"ctf": true,
			"skybox_id": "skybox_desert",
			"theme_id": "Лето"
		} ,
		{
			"name": "Бастион",
			"id": "map_bastion_winter",
			"min_rank": "11",
			"max_rank": "27",
			"max_players": "20",
			"tdm": true,
			"ctf": true,
			"skybox_id": "skybox_winter",
			"theme_id": "Зима"
		} ,
		{
			"name": "Контейнеры",
			"id": "map_containers",
			"min_rank": "25",
			"max_rank": "27",
			"max_players": "10",
			"tdm": true,
			"ctf": true,
			"skybox_id": "skybox_desert"
		} ,
		{
			"name": "Землятрясение",
			"id": "map_earthquake",
			"min_rank": "25",
			"max_rank": "27",
			"max_players": "10",
			"tdm": true,
			"ctf": true,
			"skybox_id": "skybox_desert"
		} ,
		{
			"name": "test ny",
			"id": "map_ny",
			"min_rank": "25",
			"max_rank": "27",
			"max_players": "10",
			"tdm": true,
			"ctf": true,
			"skybox_id": "skybox_winter"
		} ,
	    {
			"name": "Пакмен",
			"id": "map_pac",
			"min_rank": "25",
			"max_rank": "27",
			"max_players": "14",
			"tdm": true,
			"ctf": true,
			"skybox_id": "skybox_default"
		}
	]
}