<map version="1.0">
  <static-geometry>
    <prop library-name="Land v1" group-name="Tiles" name="Tile 1x1">
      <rotation>
        <z>6.283185</z>
      </rotation>
      <position>
        <x>2250.000</x>
        <y>250.000</y>
        <z>-8700.000</z>
      </position>
      <texture-name>Tile Grass A2</texture-name>
    </prop>
    <prop library-name="Land v1" group-name="Tiles" name="Tile 1x1">
      <rotation>
        <z>3.141593</z>
      </rotation>
      <position>
        <x>1750.000</x>
        <y>-250.000</y>
        <z>-8700.000</z>
      </position>
      <texture-name>Tile Sand 1</texture-name>
    </prop>
    <prop library-name="Land v1" group-name="Tiles" name="Tile 1x1">
      <rotation>
        <z>6.283185</z>
      </rotation>
      <position>
        <x>2250.000</x>
        <y>-2250.000</y>
        <z>-8700.000</z>
      </position>
      <texture-name>Tile Grass A2</texture-name>
    </prop>
    <prop library-name="Land v1" group-name="Tiles" name="Tile 1x1">
      <rotation>
        <z>7.853982</z>
      </rotation>
      <position>
        <x>-1250.000</x>
        <y>1250.000</y>
        <z>-8700.000</z>
      </position>
      <texture-name>Tile Grass A2</texture-name>
    </prop>
    <prop library-name="Land v1" group-name="Tiles" name="Tile 1x1">
      <rotation>
        <z>3.141593</z>
      </rotation>
      <position>
        <x>1250.000</x>
        <y>-250.000</y>
        <z>-8700.000</z>
      </position>
      <texture-name>Tile Asp 2</texture-name>
    </prop>
    <prop library-name="Land v1" group-name="Tiles" name="Tile 1x1">
      <rotation>
        <z>6.283185</z>
      </rotation>
      <position>
        <x>-1250.000</x>
        <y>750.000</y>
        <z>-8700.000</z>
      </position>
      <texture-name>Tile Sand 1</texture-name>
    </prop>
    <prop library-name="Land v1" group-name="Tiles" name="Tile 1x1">
      <rotation>
        <z>7.853982</z>
      </rotation>
      <position>
        <x>-1250.000</x>
        <y>-1250.000</y>
        <z>-8700.000</z>
      </position>
      <texture-name>Tile Sand 1</texture-name>
    </prop>
    <prop library-name="Land v1" group-name="Tiles" name="Tile 1x1">
      <rotation>
        <z>7.853982</z>
      </rotation>
      <position>
        <x>-1250.000</x>
        <y>-1750.000</y>
        <z>-8700.000</z>
      </position>
      <texture-name>Tile Sand 1</texture-name>
    </prop>
    <prop library-name="Land v1" group-name="Rocks" name="corner2">
      <rotation>
        <z>1.570796</z>
      </rotation>
      <position>
        <x>-2250.000</x>
        <y>-3250.000</y>
        <z>-9300.000</z>
      </position>
      <texture-name>cor2 2</texture-name>
    </prop>
    <prop library-name="Land v1" group-name="Tiles" name="Tile 1x1">
      <rotation>
        <z>6.283185</z>
      </rotation>
      <position>
        <x>-750.000</x>
        <y>-750.000</y>
        <z>-8700.000</z>
      </position>
      <texture-name>Tile Asp 4</texture-name>
    </prop>
    <prop library-name="Land v1" group-name="Tiles" name="Tile 1x1">
      <rotation>
        <z>9.424778</z>
      </rotation>
      <position>
        <x>-1750.000</x>
        <y>250.000</y>
        <z>-8700.000</z>
      </position>
      <texture-name>Tile Grass A2</texture-name>
    </prop>
    <prop library-name="Land v1" group-name="Rocks" name="small2">
      <rotation>
        <z>3.141593</z>
      </rotation>
      <position>
        <x>2250.000</x>
        <y>-3250.000</y>
        <z>-9300.000</z>
      </position>
      <texture-name>sm2 rck 3</texture-name>
    </prop>
    <prop library-name="Land v1" group-name="Tiles" name="Tile 1x1">
      <rotation>
        <z>7.853982</z>
      </rotation>
      <position>
        <x>-250.000</x>
        <y>-750.000</y>
        <z>-8700.000</z>
      </position>
      <texture-name>Tile Asp 1</texture-name>
    </prop>
    <prop library-name="Land v1" group-name="Tiles" name="Tile 1x1">
      <rotation>
        <z>6.283185</z>
      </rotation>
      <position>
        <x>750.000</x>
        <y>750.000</y>
        <z>-8700.000</z>
      </position>
      <texture-name>Tile Sand 1</texture-name>
    </prop>
    <prop library-name="Land v1" group-name="Tiles" name="Tile 1x1">
      <rotation>
        <z>10.995574</z>
      </rotation>
      <position>
        <x>750.000</x>
        <y>-2750.000</y>
        <z>-8700.000</z>
      </position>
      <texture-name>Tile Grass A2</texture-name>
    </prop>
    <prop library-name="Buildings v1" group-name="Unbroken houses" name="SmHouse2">
      <rotation>
        <z>0.000000</z>
      </rotation>
      <position>
        <x>-500.000</x>
        <y>-1500.000</y>
        <z>-8700.000</z>
      </position>
      <texture-name/>
    </prop>
    <prop library-name="Land v1" group-name="Tiles" name="Tile 1x1">
      <rotation>
        <z>10.995574</z>
      </rotation>
      <position>
        <x>-250.000</x>
        <y>-2750.000</y>
        <z>-8700.000</z>
      </position>
      <texture-name>Tile Grass A2</texture-name>
    </prop>
    <prop library-name="Land v1" group-name="Rocks" name="up rock">
      <rotation>
        <z>7.853982</z>
      </rotation>
      <position>
        <x>-2000.000</x>
        <y>-1000.000</y>
        <z>-9300.000</z>
      </position>
      <texture-name>up rck 3</texture-name>
    </prop>
    <prop library-name="Land v1" group-name="Tiles" name="Tile 1x1">
      <rotation>
        <z>6.283185</z>
      </rotation>
      <position>
        <x>250.000</x>
        <y>-2250.000</y>
        <z>-8700.000</z>
      </position>
      <texture-name>Tile Sand 1</texture-name>
    </prop>
    <prop library-name="Land v1" group-name="Tiles" name="Tile 1x1">
      <rotation>
        <z>7.853982</z>
      </rotation>
      <position>
        <x>-1250.000</x>
        <y>250.000</y>
        <z>-8700.000</z>
      </position>
      <texture-name>Tile Sand 1</texture-name>
    </prop>
    <prop library-name="Land v1" group-name="Tiles" name="Tile 1x1">
      <rotation>
        <z>6.283185</z>
      </rotation>
      <position>
        <x>1750.000</x>
        <y>750.000</y>
        <z>-8700.000</z>
      </position>
      <texture-name>Tile Sand 1</texture-name>
    </prop>
    <prop library-name="Buildings v1" group-name="Old Builds" name="NuBu 9">
      <rotation>
        <z>0.000000</z>
      </rotation>
      <position>
        <x>0.000</x>
        <y>0.000</y>
        <z>-8700.000</z>
      </position>
      <texture-name/>
    </prop>
    <prop library-name="Land v1" group-name="Tiles" name="Tile 1x1">
      <rotation>
        <z>6.283185</z>
      </rotation>
      <position>
        <x>1750.000</x>
        <y>-1750.000</y>
        <z>-8700.000</z>
      </position>
      <texture-name>Tile Sand 1</texture-name>
    </prop>
    <prop library-name="Land v1" group-name="Tiles" name="Tile 1x1">
      <rotation>
        <z>6.283185</z>
      </rotation>
      <position>
        <x>-750.000</x>
        <y>750.000</y>
        <z>-8700.000</z>
      </position>
      <texture-name>Tile Sand 1</texture-name>
    </prop>
    <prop library-name="Land v1" group-name="Tiles" name="Tile 1x1">
      <rotation>
        <z>7.853982</z>
      </rotation>
      <position>
        <x>-750.000</x>
        <y>250.000</y>
        <z>-8700.000</z>
      </position>
      <texture-name>Tile Asp 12</texture-name>
    </prop>
    <prop library-name="Land v1" group-name="Tiles" name="Tile 1x1">
      <rotation>
        <z>6.283185</z>
      </rotation>
      <position>
        <x>-750.000</x>
        <y>-250.000</y>
        <z>-8700.000</z>
      </position>
      <texture-name>Tile Asp 2</texture-name>
    </prop>
    <prop library-name="Land v1" group-name="Rocks" name="corner2">
      <rotation>
        <z>3.141593</z>
      </rotation>
      <position>
        <x>2750.000</x>
        <y>-3250.000</y>
        <z>-9300.000</z>
      </position>
      <texture-name>cor2 2</texture-name>
    </prop>
    <prop library-name="Land v1" group-name="Tiles" name="Tile 1x1">
      <rotation>
        <z>6.283185</z>
      </rotation>
      <position>
        <x>250.000</x>
        <y>750.000</y>
        <z>-8700.000</z>
      </position>
      <texture-name>Tile Sand 1</texture-name>
    </prop>
    <prop library-name="Land v1" group-name="Rocks" name="up rock">
      <rotation>
        <z>4.712389</z>
      </rotation>
      <position>
        <x>2500.000</x>
        <y>-2500.000</y>
        <z>-9300.000</z>
      </position>
      <texture-name>up rck 3</texture-name>
    </prop>
    <prop library-name="Land v1" group-name="Rocks" name="up rock">
      <rotation>
        <z>9.424778</z>
      </rotation>
      <position>
        <x>-1500.000</x>
        <y>-3000.000</y>
        <z>-9300.000</z>
      </position>
      <texture-name>up rck 3</texture-name>
    </prop>
    <prop library-name="Land v1" group-name="Tiles" name="Tile 1x1">
      <rotation>
        <z>6.283185</z>
      </rotation>
      <position>
        <x>250.000</x>
        <y>-750.000</y>
        <z>-8700.000</z>
      </position>
      <texture-name>Tile Asp 1</texture-name>
    </prop>
    <prop library-name="Land v1" group-name="Tiles" name="Tile 1x1">
      <rotation>
        <z>9.424778</z>
      </rotation>
      <position>
        <x>-1750.000</x>
        <y>-1750.000</y>
        <z>-8700.000</z>
      </position>
      <texture-name>Tile Grass A2</texture-name>
    </prop>
    <prop library-name="Land v1" group-name="Tiles" name="Tile 1x1">
      <rotation>
        <z>7.853982</z>
      </rotation>
      <position>
        <x>1750.000</x>
        <y>1250.000</y>
        <z>-8700.000</z>
      </position>
      <texture-name>Tile Grass A2</texture-name>
    </prop>
    <prop library-name="Land v1" group-name="Tiles" name="Tile 1x1">
      <rotation>
        <z>10.995574</z>
      </rotation>
      <position>
        <x>250.000</x>
        <y>-2750.000</y>
        <z>-8700.000</z>
      </position>
      <texture-name>Tile Grass A2</texture-name>
    </prop>
    <prop library-name="Land v1" group-name="Tiles" name="Tile 1x1">
      <rotation>
        <z>-1.570796</z>
      </rotation>
      <position>
        <x>250.000</x>
        <y>-1750.000</y>
        <z>-8700.000</z>
      </position>
      <texture-name>Tile Asp 7</texture-name>
    </prop>
    <prop library-name="Land v1" group-name="Tiles" name="Tile 1x1">
      <rotation>
        <z>6.283185</z>
      </rotation>
      <position>
        <x>250.000</x>
        <y>-1250.000</y>
        <z>-8700.000</z>
      </position>
      <texture-name>Tile Asp 1</texture-name>
    </prop>
    <prop library-name="Land v1" group-name="Tiles" name="Tile 1x1">
      <rotation>
        <z>10.995574</z>
      </rotation>
      <position>
        <x>1750.000</x>
        <y>-2750.000</y>
        <z>-8700.000</z>
      </position>
      <texture-name>Tile Grass A2</texture-name>
    </prop>
    <prop library-name="Land v1" group-name="Tiles" name="Tile 1x1">
      <rotation>
        <z>6.283185</z>
      </rotation>
      <position>
        <x>2250.000</x>
        <y>-1750.000</y>
        <z>-8700.000</z>
      </position>
      <texture-name>Tile Grass A2</texture-name>
    </prop>
    <prop library-name="Land v1" group-name="Tiles" name="Tile 1x1">
      <rotation>
        <z>3.141593</z>
      </rotation>
      <position>
        <x>1750.000</x>
        <y>-750.000</y>
        <z>-8700.000</z>
      </position>
      <texture-name>Tile Sand 1</texture-name>
    </prop>
    <prop library-name="Land v1" group-name="Rocks" name="up rock">
      <rotation>
        <z>7.853982</z>
      </rotation>
      <position>
        <x>-2000.000</x>
        <y>0.000</y>
        <z>-9300.000</z>
      </position>
      <texture-name>up rck 3</texture-name>
    </prop>
    <prop library-name="Land v1" group-name="Rocks" name="up rock">
      <rotation>
        <z>7.853982</z>
      </rotation>
      <position>
        <x>-2000.000</x>
        <y>-2000.000</y>
        <z>-9300.000</z>
      </position>
      <texture-name>up rck 3</texture-name>
    </prop>
    <prop library-name="Land v1" group-name="Tiles" name="Tile 1x1">
      <rotation>
        <z>10.995574</z>
      </rotation>
      <position>
        <x>1250.000</x>
        <y>-2750.000</y>
        <z>-8700.000</z>
      </position>
      <texture-name>Tile Grass A2</texture-name>
    </prop>
    <prop library-name="Land v1" group-name="Tiles" name="Tile 1x1">
      <rotation>
        <z>6.283185</z>
      </rotation>
      <position>
        <x>-250.000</x>
        <y>-2250.000</y>
        <z>-8700.000</z>
      </position>
      <texture-name>Tile Sand 1</texture-name>
    </prop>
    <prop library-name="Land v1" group-name="Rocks" name="up rock">
      <rotation>
        <z>9.424778</z>
      </rotation>
      <position>
        <x>500.000</x>
        <y>-3000.000</y>
        <z>-9300.000</z>
      </position>
      <texture-name>up rck 3</texture-name>
    </prop>
    <prop library-name="Land v1" group-name="Tiles" name="Tile 1x1">
      <rotation>
        <z>4.712389</z>
      </rotation>
      <position>
        <x>1750.000</x>
        <y>-2250.000</y>
        <z>-8700.000</z>
      </position>
      <texture-name>Tile Sand 1</texture-name>
    </prop>
    <prop library-name="Land v1" group-name="Rocks" name="up rock">
      <rotation>
        <z>4.712389</z>
      </rotation>
      <position>
        <x>2500.000</x>
        <y>-500.000</y>
        <z>-9300.000</z>
      </position>
      <texture-name>up rck 3</texture-name>
    </prop>
    <prop library-name="Land v1" group-name="Tiles" name="Tile 1x1">
      <rotation>
        <z>9.424778</z>
      </rotation>
      <position>
        <x>-1750.000</x>
        <y>1250.000</y>
        <z>-8700.000</z>
      </position>
      <texture-name>Tile Grass A4</texture-name>
    </prop>
    <prop library-name="Land v1" group-name="Tiles" name="Tile 1x1">
      <rotation>
        <z>6.283185</z>
      </rotation>
      <position>
        <x>1250.000</x>
        <y>-2250.000</y>
        <z>-8700.000</z>
      </position>
      <texture-name>Tile Sand 1</texture-name>
    </prop>
    <prop library-name="Land v1" group-name="Tiles" name="Tile 1x1">
      <rotation>
        <z>7.853982</z>
      </rotation>
      <position>
        <x>-750.000</x>
        <y>1250.000</y>
        <z>-8700.000</z>
      </position>
      <texture-name>Tile Grass A2</texture-name>
    </prop>
    <prop library-name="Land v1" group-name="Tiles" name="Tile 1x1">
      <rotation>
        <z>10.995574</z>
      </rotation>
      <position>
        <x>-750.000</x>
        <y>-2750.000</y>
        <z>-8700.000</z>
      </position>
      <texture-name>Tile Grass A2</texture-name>
    </prop>
    <prop library-name="Land v1" group-name="Rocks" name="up rock">
      <rotation>
        <z>9.424778</z>
      </rotation>
      <position>
        <x>1500.000</x>
        <y>-3000.000</y>
        <z>-9300.000</z>
      </position>
      <texture-name>up rck 3</texture-name>
    </prop>
    <prop library-name="Land v1" group-name="Tiles" name="Tile 1x1">
      <rotation>
        <z>9.424778</z>
      </rotation>
      <position>
        <x>-1750.000</x>
        <y>-250.000</y>
        <z>-8700.000</z>
      </position>
      <texture-name>Tile Grass A2</texture-name>
    </prop>
    <prop library-name="Land v1" group-name="Rocks" name="small2">
      <rotation>
        <z>0.000000</z>
      </rotation>
      <position>
        <x>-1750.000</x>
        <y>1750.000</y>
        <z>-9300.000</z>
      </position>
      <texture-name>sm2 rck 3</texture-name>
    </prop>
    <prop library-name="Land v1" group-name="Tiles" name="Tile 1x1">
      <rotation>
        <z>9.424778</z>
      </rotation>
      <position>
        <x>-1750.000</x>
        <y>750.000</y>
        <z>-8700.000</z>
      </position>
      <texture-name>Tile Grass A2</texture-name>
    </prop>
    <prop library-name="Land v1" group-name="Tiles" name="Tile 1x1">
      <rotation>
        <z>7.853982</z>
      </rotation>
      <position>
        <x>1250.000</x>
        <y>750.000</y>
        <z>-8700.000</z>
      </position>
      <texture-name>Tile Sand 1</texture-name>
    </prop>
    <prop library-name="Land v1" group-name="Tiles" name="Tile 1x1">
      <rotation>
        <z>6.283185</z>
      </rotation>
      <position>
        <x>-250.000</x>
        <y>750.000</y>
        <z>-8700.000</z>
      </position>
      <texture-name>Tile Sand 1</texture-name>
    </prop>
    <prop library-name="Land v1" group-name="Tiles" name="Tile 1x1">
      <rotation>
        <z>6.283185</z>
      </rotation>
      <position>
        <x>2250.000</x>
        <y>-1250.000</y>
        <z>-8700.000</z>
      </position>
      <texture-name>Tile Grass A2</texture-name>
    </prop>
    <prop library-name="Land v1" group-name="Tiles" name="Tile 1x1">
      <rotation>
        <z>9.424778</z>
      </rotation>
      <position>
        <x>-1750.000</x>
        <y>-2250.000</y>
        <z>-8700.000</z>
      </position>
      <texture-name>Tile Grass A2</texture-name>
    </prop>
    <prop library-name="Land v1" group-name="Tiles" name="Tile 1x1">
      <rotation>
        <z>7.853982</z>
      </rotation>
      <position>
        <x>1250.000</x>
        <y>1250.000</y>
        <z>-8700.000</z>
      </position>
      <texture-name>Tile Grass A2</texture-name>
    </prop>
    <prop library-name="Land v1" group-name="Tiles" name="Tile 1x1">
      <rotation>
        <z>7.853982</z>
      </rotation>
      <position>
        <x>-1250.000</x>
        <y>-250.000</y>
        <z>-8700.000</z>
      </position>
      <texture-name>Tile Sand 1</texture-name>
    </prop>
    <prop library-name="Land v1" group-name="Tiles" name="Tile 1x1">
      <rotation>
        <z>6.283185</z>
      </rotation>
      <position>
        <x>2250.000</x>
        <y>-750.000</y>
        <z>-8700.000</z>
      </position>
      <texture-name>Tile Grass A2</texture-name>
    </prop>
    <prop library-name="Land v1" group-name="Tiles" name="Tile 1x1">
      <rotation>
        <z>4.712389</z>
      </rotation>
      <position>
        <x>1750.000</x>
        <y>-1250.000</y>
        <z>-8700.000</z>
      </position>
      <texture-name>Tile Sand 1</texture-name>
    </prop>
    <prop library-name="Land v1" group-name="Tiles" name="Tile 1x1">
      <rotation>
        <z>1.570796</z>
      </rotation>
      <position>
        <x>250.000</x>
        <y>1250.000</y>
        <z>-8700.000</z>
      </position>
      <texture-name>Tile Grass A2</texture-name>
    </prop>
    <prop library-name="Land v1" group-name="Tiles" name="Tile 1x1">
      <rotation>
        <z>6.283185</z>
      </rotation>
      <position>
        <x>2250.000</x>
        <y>-250.000</y>
        <z>-8700.000</z>
      </position>
      <texture-name>Tile Grass A2</texture-name>
    </prop>
    <prop library-name="Land v1" group-name="Tiles" name="Tile 1x1">
      <rotation>
        <z>7.853982</z>
      </rotation>
      <position>
        <x>-250.000</x>
        <y>1250.000</y>
        <z>-8700.000</z>
      </position>
      <texture-name>Tile Grass A2</texture-name>
    </prop>
    <prop library-name="Land v1" group-name="Tiles" name="Tile 1x1">
      <rotation>
        <z>9.424778</z>
      </rotation>
      <position>
        <x>-1750.000</x>
        <y>-1250.000</y>
        <z>-8700.000</z>
      </position>
      <texture-name>Tile Grass A2</texture-name>
    </prop>
    <prop library-name="Land v1" group-name="Rocks" name="up rock">
      <rotation>
        <z>9.424778</z>
      </rotation>
      <position>
        <x>-500.000</x>
        <y>-3000.000</y>
        <z>-9300.000</z>
      </position>
      <texture-name>up rck 3</texture-name>
    </prop>
    <prop library-name="Land v1" group-name="Tiles" name="Tile 1x1">
      <rotation>
        <z>4.712389</z>
      </rotation>
      <position>
        <x>750.000</x>
        <y>-2250.000</y>
        <z>-8700.000</z>
      </position>
      <texture-name>Tile Sand 1</texture-name>
    </prop>
    <prop library-name="Land v1" group-name="Tiles" name="Tile 1x1">
      <rotation>
        <z>9.424778</z>
      </rotation>
      <position>
        <x>-1750.000</x>
        <y>-750.000</y>
        <z>-8700.000</z>
      </position>
      <texture-name>Tile Grass A2</texture-name>
    </prop>
    <prop library-name="Land v1" group-name="Tiles" name="Tile 1x1">
      <rotation>
        <z>7.853982</z>
      </rotation>
      <position>
        <x>750.000</x>
        <y>1250.000</y>
        <z>-8700.000</z>
      </position>
      <texture-name>Tile Grass A2</texture-name>
    </prop>
    <prop library-name="Land v1" group-name="Rocks" name="up rock">
      <rotation>
        <z>4.712389</z>
      </rotation>
      <position>
        <x>2500.000</x>
        <y>500.000</y>
        <z>-9300.000</z>
      </position>
      <texture-name>up rck 3</texture-name>
    </prop>
    <prop library-name="Land v1" group-name="Tiles" name="Tile 1x1">
      <rotation>
        <z>4.712389</z>
      </rotation>
      <position>
        <x>-1750.000</x>
        <y>-2750.000</y>
        <z>-8700.000</z>
      </position>
      <texture-name>Tile Grass A4</texture-name>
    </prop>
    <prop library-name="Land v1" group-name="Rocks" name="up rock">
      <rotation>
        <z>4.712389</z>
      </rotation>
      <position>
        <x>2500.000</x>
        <y>-1500.000</y>
        <z>-9300.000</z>
      </position>
      <texture-name>up rck 3</texture-name>
    </prop>
    <prop library-name="Land v1" group-name="Tiles" name="Tile 1x1">
      <rotation>
        <z>6.283185</z>
      </rotation>
      <position>
        <x>-1250.000</x>
        <y>-750.000</y>
        <z>-8700.000</z>
      </position>
      <texture-name>Tile Sand 1</texture-name>
    </prop>
    <prop library-name="Land v1" group-name="Rocks" name="up rock">
      <rotation>
        <z>6.283185</z>
      </rotation>
      <position>
        <x>2000.000</x>
        <y>1500.000</y>
        <z>-9300.000</z>
      </position>
      <texture-name>up rck 3</texture-name>
    </prop>
    <prop library-name="Land v1" group-name="Rocks" name="up rock">
      <rotation>
        <z>6.283185</z>
      </rotation>
      <position>
        <x>0.000</x>
        <y>1500.000</y>
        <z>-9300.000</z>
      </position>
      <texture-name>up rck 3</texture-name>
    </prop>
    <prop library-name="Land v1" group-name="Rocks" name="corner2">
      <rotation>
        <z>6.283185</z>
      </rotation>
      <position>
        <x>-2250.000</x>
        <y>1750.000</y>
        <z>-9300.000</z>
      </position>
      <texture-name>cor2 2</texture-name>
    </prop>
    <prop library-name="Land v1" group-name="Rocks" name="small2">
      <rotation>
        <z>1.570796</z>
      </rotation>
      <position>
        <x>-2250.000</x>
        <y>-2750.000</y>
        <z>-9300.000</z>
      </position>
      <texture-name>sm2 rck 3</texture-name>
    </prop>
    <prop library-name="Land v1" group-name="Tiles" name="Tile 1x1">
      <rotation>
        <z>7.853982</z>
      </rotation>
      <position>
        <x>2250.000</x>
        <y>1250.000</y>
        <z>-8700.000</z>
      </position>
      <texture-name>Tile Grass A4</texture-name>
    </prop>
    <prop library-name="Buildings v1" group-name="Unbroken houses" name="SmHouse5">
      <rotation>
        <z>1.570796</z>
      </rotation>
      <position>
        <x>1000.000</x>
        <y>-1500.000</y>
        <z>-8700.000</z>
      </position>
      <texture-name/>
    </prop>
    <prop library-name="Land v1" group-name="Tiles" name="Tile 1x1">
      <rotation>
        <z>6.283185</z>
      </rotation>
      <position>
        <x>1250.000</x>
        <y>250.000</y>
        <z>-8700.000</z>
      </position>
      <texture-name>Tile Asp 12</texture-name>
    </prop>
    <prop library-name="Land v1" group-name="Tiles" name="Tile 1x1">
      <rotation>
        <z>6.283185</z>
      </rotation>
      <position>
        <x>-1250.000</x>
        <y>-2250.000</y>
        <z>-8700.000</z>
      </position>
      <texture-name>Tile Sand 1</texture-name>
    </prop>
    <prop library-name="Land v1" group-name="Tiles" name="Tile 1x1">
      <rotation>
        <z>4.712389</z>
      </rotation>
      <position>
        <x>1750.000</x>
        <y>250.000</y>
        <z>-8700.000</z>
      </position>
      <texture-name>Tile Sand 1</texture-name>
    </prop>
    <prop library-name="Land v1" group-name="Tiles" name="Tile 1x1">
      <rotation>
        <z>10.995574</z>
      </rotation>
      <position>
        <x>-1250.000</x>
        <y>-2750.000</y>
        <z>-8700.000</z>
      </position>
      <texture-name>Tile Grass A2</texture-name>
    </prop>
    <prop library-name="Land v1" group-name="Rocks" name="corner2">
      <rotation>
        <z>4.712389</z>
      </rotation>
      <position>
        <x>2750.000</x>
        <y>1750.000</y>
        <z>-9300.000</z>
      </position>
      <texture-name>cor2 2</texture-name>
    </prop>
    <prop library-name="Land v1" group-name="Rocks" name="up rock">
      <rotation>
        <z>6.283185</z>
      </rotation>
      <position>
        <x>1000.000</x>
        <y>1500.000</y>
        <z>-9300.000</z>
      </position>
      <texture-name>up rck 3</texture-name>
    </prop>
    <prop library-name="Land v1" group-name="Rocks" name="up rock">
      <rotation>
        <z>6.283185</z>
      </rotation>
      <position>
        <x>-1000.000</x>
        <y>1500.000</y>
        <z>-9300.000</z>
      </position>
      <texture-name>up rck 3</texture-name>
    </prop>
    <prop library-name="Land v1" group-name="Tiles" name="Tile 1x1">
      <rotation>
        <z>6.283185</z>
      </rotation>
      <position>
        <x>2250.000</x>
        <y>-2750.000</y>
        <z>-8700.000</z>
      </position>
      <texture-name>Tile Grass A4</texture-name>
    </prop>
    <prop library-name="Land v1" group-name="Tiles" name="Tile 1x1">
      <rotation>
        <z>6.283185</z>
      </rotation>
      <position>
        <x>750.000</x>
        <y>-750.000</y>
        <z>-8700.000</z>
      </position>
      <texture-name>Tile Asp 14</texture-name>
    </prop>
    <prop library-name="Land v1" group-name="Tiles" name="Tile 1x1">
      <rotation>
        <z>0.000000</z>
      </rotation>
      <position>
        <x>1250.000</x>
        <y>-750.000</y>
        <z>-8700.000</z>
      </position>
      <texture-name>Tile Asp 7</texture-name>
    </prop>
    <prop library-name="Land v1" group-name="Tiles" name="Tile 1x1">
      <rotation>
        <z>7.853982</z>
      </rotation>
      <position>
        <x>-750.000</x>
        <y>-2250.000</y>
        <z>-8700.000</z>
      </position>
      <texture-name>Tile Sand 1</texture-name>
    </prop>
    <prop library-name="Land v1" group-name="Rocks" name="small2">
      <rotation>
        <z>-1.570796</z>
      </rotation>
      <position>
        <x>2750.000</x>
        <y>1250.000</y>
        <z>-9300.000</z>
      </position>
      <texture-name>sm2 rck 3</texture-name>
    </prop>
    <prop library-name="Land v1" group-name="Tiles" name="Tile 1x1">
      <rotation>
        <z>6.283185</z>
      </rotation>
      <position>
        <x>2250.000</x>
        <y>750.000</y>
        <z>-8700.000</z>
      </position>
      <texture-name>Tile Grass A2</texture-name>
    </prop>
    <prop library-name="Land v1" group-name="Rocks" name="up rock">
      <rotation>
        <z>7.853982</z>
      </rotation>
      <position>
        <x>-2000.000</x>
        <y>1000.000</y>
        <z>-9300.000</z>
      </position>
      <texture-name>up rck 3</texture-name>
    </prop>
  </static-geometry>
  <collision-geometry>
    <collision-plane id="0">
      <width>500.000</width>
      <length>500.000</length>
      <position>
        <x>2250.000</x>
        <y>250.000</y>
        <z>-8700.000</z>
      </position>
      <rotation>
        <x>0.000000</x>
        <y>0.000000</y>
        <z>1.570796</z>
      </rotation>
    </collision-plane>
    <collision-plane id="0">
      <width>500.000</width>
      <length>500.000</length>
      <position>
        <x>1750.000</x>
        <y>-250.000</y>
        <z>-8700.000</z>
      </position>
      <rotation>
        <x>0.000000</x>
        <y>0.000000</y>
        <z>-1.570796</z>
      </rotation>
    </collision-plane>
    <collision-plane id="0">
      <width>500.000</width>
      <length>500.000</length>
      <position>
        <x>2250.000</x>
        <y>-2250.000</y>
        <z>-8700.000</z>
      </position>
      <rotation>
        <x>0.000000</x>
        <y>0.000000</y>
        <z>1.570796</z>
      </rotation>
    </collision-plane>
    <collision-plane id="0">
      <width>500.000</width>
      <length>500.000</length>
      <position>
        <x>-1250.000</x>
        <y>1250.000</y>
        <z>-8700.000</z>
      </position>
      <rotation>
        <x>0.000000</x>
        <y>0.000000</y>
        <z>-3.141592</z>
      </rotation>
    </collision-plane>
    <collision-plane id="0">
      <width>500.000</width>
      <length>500.000</length>
      <position>
        <x>1250.000</x>
        <y>-250.000</y>
        <z>-8700.000</z>
      </position>
      <rotation>
        <x>0.000000</x>
        <y>0.000000</y>
        <z>-1.570796</z>
      </rotation>
    </collision-plane>
    <collision-plane id="0">
      <width>500.000</width>
      <length>500.000</length>
      <position>
        <x>-1250.000</x>
        <y>750.000</y>
        <z>-8700.000</z>
      </position>
      <rotation>
        <x>0.000000</x>
        <y>0.000000</y>
        <z>1.570796</z>
      </rotation>
    </collision-plane>
    <collision-plane id="0">
      <width>500.000</width>
      <length>500.000</length>
      <position>
        <x>-1250.000</x>
        <y>-1250.000</y>
        <z>-8700.000</z>
      </position>
      <rotation>
        <x>0.000000</x>
        <y>0.000000</y>
        <z>-3.141592</z>
      </rotation>
    </collision-plane>
    <collision-plane id="0">
      <width>500.000</width>
      <length>500.000</length>
      <position>
        <x>-1250.000</x>
        <y>-1750.000</y>
        <z>-8700.000</z>
      </position>
      <rotation>
        <x>0.000000</x>
        <y>0.000000</y>
        <z>-3.141592</z>
      </rotation>
    </collision-plane>
    <collision-triangle id="0">
      <v0>
        <x>-157.134</x>
        <y>-200.000</y>
        <z>0.000</z>
      </v0>
      <v1>
        <x>78.567</x>
        <y>-200.000</y>
        <z>0.000</z>
      </v1>
      <v2>
        <x>78.567</x>
        <y>400.000</y>
        <z>0.000</z>
      </v2>
      <position>
        <x>-2111.111</x>
        <y>-3055.554</y>
        <z>-8900.000</z>
      </position>
      <rotation>
        <x>-1.570795</x>
        <y>0.000000</y>
        <z>2.356201</z>
      </rotation>
    </collision-triangle>
    <collision-triangle id="0">
      <v0>
        <x>-157.134</x>
        <y>-200.000</y>
        <z>0.000</z>
      </v0>
      <v1>
        <x>78.567</x>
        <y>-200.000</y>
        <z>0.000</z>
      </v1>
      <v2>
        <x>78.567</x>
        <y>400.000</y>
        <z>0.000</z>
      </v2>
      <position>
        <x>-2055.555</x>
        <y>-3111.110</y>
        <z>-9100.000</z>
      </position>
      <rotation>
        <x>1.570794</x>
        <y>0.000000</y>
        <z>-0.785394</z>
      </rotation>
    </collision-triangle>
    <collision-triangle id="0">
      <v0>
        <x>-111.111</x>
        <y>-55.556</y>
        <z>0.000</z>
      </v0>
      <v1>
        <x>55.558</x>
        <y>-55.556</y>
        <z>0.000</z>
      </v1>
      <v2>
        <x>55.554</x>
        <y>111.112</y>
        <z>0.000</z>
      </v2>
      <position>
        <x>-2055.555</x>
        <y>-3055.553</y>
        <z>-8700.000</z>
      </position>
      <rotation>
        <x>-0.000001</x>
        <y>-0.000001</y>
        <z>1.570796</z>
      </rotation>
    </collision-triangle>
    <collision-plane id="0">
      <width>500.000</width>
      <length>500.000</length>
      <position>
        <x>-750.000</x>
        <y>-750.000</y>
        <z>-8700.000</z>
      </position>
      <rotation>
        <x>0.000000</x>
        <y>0.000000</y>
        <z>1.570796</z>
      </rotation>
    </collision-plane>
    <collision-plane id="0">
      <width>500.000</width>
      <length>500.000</length>
      <position>
        <x>-1750.000</x>
        <y>250.000</y>
        <z>-8700.000</z>
      </position>
      <rotation>
        <x>0.000000</x>
        <y>0.000000</y>
        <z>-1.570796</z>
      </rotation>
    </collision-plane>
    <collision-plane id="0">
      <width>600.000</width>
      <length>500.000</length>
      <position>
        <x>2250.000</x>
        <y>-3166.667</y>
        <z>-9000.000</z>
      </position>
      <rotation>
        <x>0.000000</x>
        <y>1.570796</y>
        <z>-1.570796</z>
      </rotation>
    </collision-plane>
    <collision-plane id="0">
      <width>166.666</width>
      <length>500.000</length>
      <position>
        <x>2250.000</x>
        <y>-3083.333</y>
        <z>-8700.000</z>
      </position>
      <rotation>
        <x>0.000000</x>
        <y>0.000001</y>
        <z>-1.570796</z>
      </rotation>
    </collision-plane>
    <collision-plane id="0">
      <width>500.000</width>
      <length>500.000</length>
      <position>
        <x>-250.000</x>
        <y>-750.000</y>
        <z>-8700.000</z>
      </position>
      <rotation>
        <x>0.000000</x>
        <y>0.000000</y>
        <z>-3.141592</z>
      </rotation>
    </collision-plane>
    <collision-plane id="0">
      <width>500.000</width>
      <length>500.000</length>
      <position>
        <x>750.000</x>
        <y>750.000</y>
        <z>-8700.000</z>
      </position>
      <rotation>
        <x>0.000000</x>
        <y>0.000000</y>
        <z>1.570796</z>
      </rotation>
    </collision-plane>
    <collision-plane id="0">
      <width>500.000</width>
      <length>500.000</length>
      <position>
        <x>750.000</x>
        <y>-2750.000</y>
        <z>-8700.000</z>
      </position>
      <rotation>
        <x>0.000000</x>
        <y>0.000000</y>
        <z>-0.000000</z>
      </rotation>
    </collision-plane>
    <collision-box id="0">
      <size>
        <x>930.133</x>
        <y>930.134</y>
        <z>666.758</z>
      </size>
      <position>
        <x>-500.000</x>
        <y>-1500.000</y>
        <z>-8366.621</z>
      </position>
      <rotation>
        <x>0.000000</x>
        <y>0.000000</y>
        <z>0.000000</z>
      </rotation>
    </collision-box>
    <collision-plane id="0">
      <width>1000.000</width>
      <length>1000.000</length>
      <position>
        <x>-500.000</x>
        <y>-1500.000</y>
        <z>-8700.000</z>
      </position>
      <rotation>
        <x>0.000000</x>
        <y>0.000000</y>
        <z>1.570796</z>
      </rotation>
    </collision-plane>
    <collision-plane id="0">
      <width>500.000</width>
      <length>500.000</length>
      <position>
        <x>-250.000</x>
        <y>-2750.000</y>
        <z>-8700.000</z>
      </position>
      <rotation>
        <x>0.000000</x>
        <y>0.000000</y>
        <z>-0.000000</z>
      </rotation>
    </collision-plane>
    <collision-plane id="0">
      <width>600.000</width>
      <length>1000.000</length>
      <position>
        <x>-2166.666</x>
        <y>-1000.000</y>
        <z>-9000.000</z>
      </position>
      <rotation>
        <x>0.000000</x>
        <y>1.570796</y>
        <z>-3.141592</z>
      </rotation>
    </collision-plane>
    <collision-plane id="0">
      <width>166.665</width>
      <length>1000.000</length>
      <position>
        <x>-2083.333</x>
        <y>-1000.000</y>
        <z>-8700.000</z>
      </position>
      <rotation>
        <x>0.000000</x>
        <y>0.000000</y>
        <z>-3.141592</z>
      </rotation>
    </collision-plane>
    <collision-plane id="0">
      <width>500.000</width>
      <length>500.000</length>
      <position>
        <x>250.000</x>
        <y>-2250.000</y>
        <z>-8700.000</z>
      </position>
      <rotation>
        <x>0.000000</x>
        <y>0.000000</y>
        <z>1.570796</z>
      </rotation>
    </collision-plane>
    <collision-plane id="0">
      <width>500.000</width>
      <length>500.000</length>
      <position>
        <x>-1250.000</x>
        <y>250.000</y>
        <z>-8700.000</z>
      </position>
      <rotation>
        <x>0.000000</x>
        <y>0.000000</y>
        <z>-3.141592</z>
      </rotation>
    </collision-plane>
    <collision-plane id="0">
      <width>500.000</width>
      <length>500.000</length>
      <position>
        <x>1750.000</x>
        <y>750.000</y>
        <z>-8700.000</z>
      </position>
      <rotation>
        <x>0.000000</x>
        <y>0.000000</y>
        <z>1.570796</z>
      </rotation>
    </collision-plane>
    <collision-plane id="0">
      <width>1000.000</width>
      <length>1500.000</length>
      <position>
        <x>250.000</x>
        <y>0.000</y>
        <z>-8700.000</z>
      </position>
      <rotation>
        <x>0.000000</x>
        <y>0.000000</y>
        <z>-1.570796</z>
      </rotation>
    </collision-plane>
    <collision-box id="0">
      <size>
        <x>1300.000</x>
        <y>800.000</y>
        <z>1150.000</z>
      </size>
      <position>
        <x>250.000</x>
        <y>0.000</y>
        <z>-8125.000</z>
      </position>
      <rotation>
        <x>0.000000</x>
        <y>0.000000</y>
        <z>0.000000</z>
      </rotation>
    </collision-box>
    <collision-plane id="0">
      <width>500.000</width>
      <length>500.000</length>
      <position>
        <x>1750.000</x>
        <y>-1750.000</y>
        <z>-8700.000</z>
      </position>
      <rotation>
        <x>0.000000</x>
        <y>0.000000</y>
        <z>1.570796</z>
      </rotation>
    </collision-plane>
    <collision-plane id="0">
      <width>500.000</width>
      <length>500.000</length>
      <position>
        <x>-750.000</x>
        <y>750.000</y>
        <z>-8700.000</z>
      </position>
      <rotation>
        <x>0.000000</x>
        <y>0.000000</y>
        <z>1.570796</z>
      </rotation>
    </collision-plane>
    <collision-plane id="0">
      <width>500.000</width>
      <length>500.000</length>
      <position>
        <x>-750.000</x>
        <y>250.000</y>
        <z>-8700.000</z>
      </position>
      <rotation>
        <x>0.000000</x>
        <y>0.000000</y>
        <z>-3.141592</z>
      </rotation>
    </collision-plane>
    <collision-plane id="0">
      <width>500.000</width>
      <length>500.000</length>
      <position>
        <x>-750.000</x>
        <y>-250.000</y>
        <z>-8700.000</z>
      </position>
      <rotation>
        <x>0.000000</x>
        <y>0.000000</y>
        <z>1.570796</z>
      </rotation>
    </collision-plane>
    <collision-triangle id="0">
      <v0>
        <x>-157.134</x>
        <y>-200.000</y>
        <z>0.000</z>
      </v0>
      <v1>
        <x>78.567</x>
        <y>-200.000</y>
        <z>0.000</z>
      </v1>
      <v2>
        <x>78.567</x>
        <y>400.000</y>
        <z>0.000</z>
      </v2>
      <position>
        <x>2555.554</x>
        <y>-3111.111</y>
        <z>-8900.000</z>
      </position>
      <rotation>
        <x>-1.570795</x>
        <y>0.000000</y>
        <z>-2.356187</z>
      </rotation>
    </collision-triangle>
    <collision-triangle id="0">
      <v0>
        <x>-157.134</x>
        <y>-200.000</y>
        <z>0.000</z>
      </v0>
      <v1>
        <x>78.567</x>
        <y>-200.000</y>
        <z>0.000</z>
      </v1>
      <v2>
        <x>78.567</x>
        <y>400.000</y>
        <z>0.000</z>
      </v2>
      <position>
        <x>2611.110</x>
        <y>-3055.555</y>
        <z>-9100.000</z>
      </position>
      <rotation>
        <x>1.570794</x>
        <y>0.000000</y>
        <z>0.785403</z>
      </rotation>
    </collision-triangle>
    <collision-triangle id="0">
      <v0>
        <x>-111.111</x>
        <y>-55.556</y>
        <z>0.000</z>
      </v0>
      <v1>
        <x>55.558</x>
        <y>-55.556</y>
        <z>0.000</z>
      </v1>
      <v2>
        <x>55.554</x>
        <y>111.112</y>
        <z>0.000</z>
      </v2>
      <position>
        <x>2555.553</x>
        <y>-3055.555</y>
        <z>-8700.000</z>
      </position>
      <rotation>
        <x>-0.000001</x>
        <y>-0.000001</y>
        <z>-3.141592</z>
      </rotation>
    </collision-triangle>
    <collision-plane id="0">
      <width>500.000</width>
      <length>500.000</length>
      <position>
        <x>250.000</x>
        <y>750.000</y>
        <z>-8700.000</z>
      </position>
      <rotation>
        <x>0.000000</x>
        <y>0.000000</y>
        <z>1.570796</z>
      </rotation>
    </collision-plane>
    <collision-plane id="0">
      <width>600.000</width>
      <length>1000.000</length>
      <position>
        <x>2666.666</x>
        <y>-2500.000</y>
        <z>-9000.000</z>
      </position>
      <rotation>
        <x>0.000000</x>
        <y>1.570796</y>
        <z>0.000000</z>
      </rotation>
    </collision-plane>
    <collision-plane id="0">
      <width>166.665</width>
      <length>1000.000</length>
      <position>
        <x>2583.333</x>
        <y>-2500.000</y>
        <z>-8700.000</z>
      </position>
      <rotation>
        <x>0.000000</x>
        <y>0.000000</y>
        <z>0.000000</z>
      </rotation>
    </collision-plane>
    <collision-plane id="0">
      <width>600.000</width>
      <length>1000.000</length>
      <position>
        <x>-1500.000</x>
        <y>-3166.666</y>
        <z>-9000.000</z>
      </position>
      <rotation>
        <x>0.000000</x>
        <y>1.570796</y>
        <z>-1.570796</z>
      </rotation>
    </collision-plane>
    <collision-plane id="0">
      <width>166.665</width>
      <length>1000.000</length>
      <position>
        <x>-1500.000</x>
        <y>-3083.333</y>
        <z>-8700.000</z>
      </position>
      <rotation>
        <x>0.000000</x>
        <y>0.000000</y>
        <z>-1.570796</z>
      </rotation>
    </collision-plane>
    <collision-plane id="0">
      <width>500.000</width>
      <length>500.000</length>
      <position>
        <x>250.000</x>
        <y>-750.000</y>
        <z>-8700.000</z>
      </position>
      <rotation>
        <x>0.000000</x>
        <y>0.000000</y>
        <z>1.570796</z>
      </rotation>
    </collision-plane>
    <collision-plane id="0">
      <width>500.000</width>
      <length>500.000</length>
      <position>
        <x>-1750.000</x>
        <y>-1750.000</y>
        <z>-8700.000</z>
      </position>
      <rotation>
        <x>0.000000</x>
        <y>0.000000</y>
        <z>-1.570796</z>
      </rotation>
    </collision-plane>
    <collision-plane id="0">
      <width>500.000</width>
      <length>500.000</length>
      <position>
        <x>1750.000</x>
        <y>1250.000</y>
        <z>-8700.000</z>
      </position>
      <rotation>
        <x>0.000000</x>
        <y>0.000000</y>
        <z>-3.141592</z>
      </rotation>
    </collision-plane>
    <collision-plane id="0">
      <width>500.000</width>
      <length>500.000</length>
      <position>
        <x>250.000</x>
        <y>-2750.000</y>
        <z>-8700.000</z>
      </position>
      <rotation>
        <x>0.000000</x>
        <y>0.000000</y>
        <z>-0.000000</z>
      </rotation>
    </collision-plane>
    <collision-plane id="0">
      <width>500.000</width>
      <length>500.000</length>
      <position>
        <x>250.000</x>
        <y>-1750.000</y>
        <z>-8700.000</z>
      </position>
      <rotation>
        <x>0.000000</x>
        <y>0.000000</y>
        <z>0.000000</z>
      </rotation>
    </collision-plane>
    <collision-plane id="0">
      <width>500.000</width>
      <length>500.000</length>
      <position>
        <x>250.000</x>
        <y>-1250.000</y>
        <z>-8700.000</z>
      </position>
      <rotation>
        <x>0.000000</x>
        <y>0.000000</y>
        <z>1.570796</z>
      </rotation>
    </collision-plane>
    <collision-plane id="0">
      <width>500.000</width>
      <length>500.000</length>
      <position>
        <x>1750.000</x>
        <y>-2750.000</y>
        <z>-8700.000</z>
      </position>
      <rotation>
        <x>0.000000</x>
        <y>0.000000</y>
        <z>-0.000000</z>
      </rotation>
    </collision-plane>
    <collision-plane id="0">
      <width>500.000</width>
      <length>500.000</length>
      <position>
        <x>2250.000</x>
        <y>-1750.000</y>
        <z>-8700.000</z>
      </position>
      <rotation>
        <x>0.000000</x>
        <y>0.000000</y>
        <z>1.570796</z>
      </rotation>
    </collision-plane>
    <collision-plane id="0">
      <width>500.000</width>
      <length>500.000</length>
      <position>
        <x>1750.000</x>
        <y>-750.000</y>
        <z>-8700.000</z>
      </position>
      <rotation>
        <x>0.000000</x>
        <y>0.000000</y>
        <z>-1.570796</z>
      </rotation>
    </collision-plane>
    <collision-plane id="0">
      <width>600.000</width>
      <length>1000.000</length>
      <position>
        <x>-2166.666</x>
        <y>-0.001</y>
        <z>-9000.000</z>
      </position>
      <rotation>
        <x>0.000000</x>
        <y>1.570796</y>
        <z>-3.141592</z>
      </rotation>
    </collision-plane>
    <collision-plane id="0">
      <width>166.665</width>
      <length>1000.000</length>
      <position>
        <x>-2083.333</x>
        <y>-0.000</y>
        <z>-8700.000</z>
      </position>
      <rotation>
        <x>0.000000</x>
        <y>0.000000</y>
        <z>-3.141592</z>
      </rotation>
    </collision-plane>
    <collision-plane id="0">
      <width>600.000</width>
      <length>1000.000</length>
      <position>
        <x>-2166.666</x>
        <y>-2000.000</y>
        <z>-9000.000</z>
      </position>
      <rotation>
        <x>0.000000</x>
        <y>1.570796</y>
        <z>-3.141592</z>
      </rotation>
    </collision-plane>
    <collision-plane id="0">
      <width>166.665</width>
      <length>1000.000</length>
      <position>
        <x>-2083.333</x>
        <y>-2000.000</y>
        <z>-8700.000</z>
      </position>
      <rotation>
        <x>0.000000</x>
        <y>0.000000</y>
        <z>-3.141592</z>
      </rotation>
    </collision-plane>
    <collision-plane id="0">
      <width>500.000</width>
      <length>500.000</length>
      <position>
        <x>1250.000</x>
        <y>-2750.000</y>
        <z>-8700.000</z>
      </position>
      <rotation>
        <x>0.000000</x>
        <y>0.000000</y>
        <z>-0.000000</z>
      </rotation>
    </collision-plane>
    <collision-plane id="0">
      <width>500.000</width>
      <length>500.000</length>
      <position>
        <x>-250.000</x>
        <y>-2250.000</y>
        <z>-8700.000</z>
      </position>
      <rotation>
        <x>0.000000</x>
        <y>0.000000</y>
        <z>1.570796</z>
      </rotation>
    </collision-plane>
    <collision-plane id="0">
      <width>600.000</width>
      <length>1000.000</length>
      <position>
        <x>500.000</x>
        <y>-3166.666</y>
        <z>-9000.000</z>
      </position>
      <rotation>
        <x>0.000000</x>
        <y>1.570796</y>
        <z>-1.570796</z>
      </rotation>
    </collision-plane>
    <collision-plane id="0">
      <width>166.665</width>
      <length>1000.000</length>
      <position>
        <x>500.000</x>
        <y>-3083.333</y>
        <z>-8700.000</z>
      </position>
      <rotation>
        <x>0.000000</x>
        <y>0.000000</y>
        <z>-1.570796</z>
      </rotation>
    </collision-plane>
    <collision-plane id="0">
      <width>500.000</width>
      <length>500.000</length>
      <position>
        <x>1750.000</x>
        <y>-2250.000</y>
        <z>-8700.000</z>
      </position>
      <rotation>
        <x>0.000000</x>
        <y>0.000000</y>
        <z>0.000000</z>
      </rotation>
    </collision-plane>
    <collision-plane id="0">
      <width>600.000</width>
      <length>1000.000</length>
      <position>
        <x>2666.666</x>
        <y>-500.000</y>
        <z>-9000.000</z>
      </position>
      <rotation>
        <x>0.000000</x>
        <y>1.570796</y>
        <z>0.000000</z>
      </rotation>
    </collision-plane>
    <collision-plane id="0">
      <width>166.665</width>
      <length>1000.000</length>
      <position>
        <x>2583.333</x>
        <y>-500.000</y>
        <z>-8700.000</z>
      </position>
      <rotation>
        <x>0.000000</x>
        <y>0.000000</y>
        <z>0.000000</z>
      </rotation>
    </collision-plane>
    <collision-plane id="0">
      <width>500.000</width>
      <length>500.000</length>
      <position>
        <x>-1750.000</x>
        <y>1250.000</y>
        <z>-8700.000</z>
      </position>
      <rotation>
        <x>0.000000</x>
        <y>0.000000</y>
        <z>-1.570796</z>
      </rotation>
    </collision-plane>
    <collision-plane id="0">
      <width>500.000</width>
      <length>500.000</length>
      <position>
        <x>1250.000</x>
        <y>-2250.000</y>
        <z>-8700.000</z>
      </position>
      <rotation>
        <x>0.000000</x>
        <y>0.000000</y>
        <z>1.570796</z>
      </rotation>
    </collision-plane>
    <collision-plane id="0">
      <width>500.000</width>
      <length>500.000</length>
      <position>
        <x>-750.000</x>
        <y>1250.000</y>
        <z>-8700.000</z>
      </position>
      <rotation>
        <x>0.000000</x>
        <y>0.000000</y>
        <z>-3.141592</z>
      </rotation>
    </collision-plane>
    <collision-plane id="0">
      <width>500.000</width>
      <length>500.000</length>
      <position>
        <x>-750.000</x>
        <y>-2750.000</y>
        <z>-8700.000</z>
      </position>
      <rotation>
        <x>0.000000</x>
        <y>0.000000</y>
        <z>-0.000000</z>
      </rotation>
    </collision-plane>
    <collision-plane id="0">
      <width>600.000</width>
      <length>1000.000</length>
      <position>
        <x>1500.000</x>
        <y>-3166.666</y>
        <z>-9000.000</z>
      </position>
      <rotation>
        <x>0.000000</x>
        <y>1.570796</y>
        <z>-1.570796</z>
      </rotation>
    </collision-plane>
    <collision-plane id="0">
      <width>166.665</width>
      <length>1000.000</length>
      <position>
        <x>1500.000</x>
        <y>-3083.333</y>
        <z>-8700.000</z>
      </position>
      <rotation>
        <x>0.000000</x>
        <y>0.000000</y>
        <z>-1.570796</z>
      </rotation>
    </collision-plane>
    <collision-plane id="0">
      <width>500.000</width>
      <length>500.000</length>
      <position>
        <x>-1750.000</x>
        <y>-250.000</y>
        <z>-8700.000</z>
      </position>
      <rotation>
        <x>0.000000</x>
        <y>0.000000</y>
        <z>-1.570796</z>
      </rotation>
    </collision-plane>
    <collision-plane id="0">
      <width>600.000</width>
      <length>500.000</length>
      <position>
        <x>-1750.000</x>
        <y>1666.667</y>
        <z>-9000.000</z>
      </position>
      <rotation>
        <x>0.000000</x>
        <y>1.570796</y>
        <z>1.570796</z>
      </rotation>
    </collision-plane>
    <collision-plane id="0">
      <width>166.666</width>
      <length>500.000</length>
      <position>
        <x>-1750.000</x>
        <y>1583.333</y>
        <z>-8700.000</z>
      </position>
      <rotation>
        <x>0.000000</x>
        <y>0.000001</y>
        <z>1.570796</z>
      </rotation>
    </collision-plane>
    <collision-plane id="0">
      <width>500.000</width>
      <length>500.000</length>
      <position>
        <x>-1750.000</x>
        <y>750.000</y>
        <z>-8700.000</z>
      </position>
      <rotation>
        <x>0.000000</x>
        <y>0.000000</y>
        <z>-1.570796</z>
      </rotation>
    </collision-plane>
    <collision-plane id="0">
      <width>500.000</width>
      <length>500.000</length>
      <position>
        <x>1250.000</x>
        <y>750.000</y>
        <z>-8700.000</z>
      </position>
      <rotation>
        <x>0.000000</x>
        <y>0.000000</y>
        <z>-3.141592</z>
      </rotation>
    </collision-plane>
    <collision-plane id="0">
      <width>500.000</width>
      <length>500.000</length>
      <position>
        <x>-250.000</x>
        <y>750.000</y>
        <z>-8700.000</z>
      </position>
      <rotation>
        <x>0.000000</x>
        <y>0.000000</y>
        <z>1.570796</z>
      </rotation>
    </collision-plane>
    <collision-plane id="0">
      <width>500.000</width>
      <length>500.000</length>
      <position>
        <x>2250.000</x>
        <y>-1250.000</y>
        <z>-8700.000</z>
      </position>
      <rotation>
        <x>0.000000</x>
        <y>0.000000</y>
        <z>1.570796</z>
      </rotation>
    </collision-plane>
    <collision-plane id="0">
      <width>500.000</width>
      <length>500.000</length>
      <position>
        <x>-1750.000</x>
        <y>-2250.000</y>
        <z>-8700.000</z>
      </position>
      <rotation>
        <x>0.000000</x>
        <y>0.000000</y>
        <z>-1.570796</z>
      </rotation>
    </collision-plane>
    <collision-plane id="0">
      <width>500.000</width>
      <length>500.000</length>
      <position>
        <x>1250.000</x>
        <y>1250.000</y>
        <z>-8700.000</z>
      </position>
      <rotation>
        <x>0.000000</x>
        <y>0.000000</y>
        <z>-3.141592</z>
      </rotation>
    </collision-plane>
    <collision-plane id="0">
      <width>500.000</width>
      <length>500.000</length>
      <position>
        <x>-1250.000</x>
        <y>-250.000</y>
        <z>-8700.000</z>
      </position>
      <rotation>
        <x>0.000000</x>
        <y>0.000000</y>
        <z>-3.141592</z>
      </rotation>
    </collision-plane>
    <collision-plane id="0">
      <width>500.000</width>
      <length>500.000</length>
      <position>
        <x>2250.000</x>
        <y>-750.000</y>
        <z>-8700.000</z>
      </position>
      <rotation>
        <x>0.000000</x>
        <y>0.000000</y>
        <z>1.570796</z>
      </rotation>
    </collision-plane>
    <collision-plane id="0">
      <width>500.000</width>
      <length>500.000</length>
      <position>
        <x>1750.000</x>
        <y>-1250.000</y>
        <z>-8700.000</z>
      </position>
      <rotation>
        <x>0.000000</x>
        <y>0.000000</y>
        <z>0.000000</z>
      </rotation>
    </collision-plane>
    <collision-plane id="0">
      <width>500.000</width>
      <length>500.000</length>
      <position>
        <x>250.000</x>
        <y>1250.000</y>
        <z>-8700.000</z>
      </position>
      <rotation>
        <x>0.000000</x>
        <y>0.000000</y>
        <z>3.141592</z>
      </rotation>
    </collision-plane>
    <collision-plane id="0">
      <width>500.000</width>
      <length>500.000</length>
      <position>
        <x>2250.000</x>
        <y>-250.000</y>
        <z>-8700.000</z>
      </position>
      <rotation>
        <x>0.000000</x>
        <y>0.000000</y>
        <z>1.570796</z>
      </rotation>
    </collision-plane>
    <collision-plane id="0">
      <width>500.000</width>
      <length>500.000</length>
      <position>
        <x>-250.000</x>
        <y>1250.000</y>
        <z>-8700.000</z>
      </position>
      <rotation>
        <x>0.000000</x>
        <y>0.000000</y>
        <z>-3.141592</z>
      </rotation>
    </collision-plane>
    <collision-plane id="0">
      <width>500.000</width>
      <length>500.000</length>
      <position>
        <x>-1750.000</x>
        <y>-1250.000</y>
        <z>-8700.000</z>
      </position>
      <rotation>
        <x>0.000000</x>
        <y>0.000000</y>
        <z>-1.570796</z>
      </rotation>
    </collision-plane>
    <collision-plane id="0">
      <width>600.000</width>
      <length>1000.000</length>
      <position>
        <x>-500.000</x>
        <y>-3166.666</y>
        <z>-9000.000</z>
      </position>
      <rotation>
        <x>0.000000</x>
        <y>1.570796</y>
        <z>-1.570796</z>
      </rotation>
    </collision-plane>
    <collision-plane id="0">
      <width>166.665</width>
      <length>1000.000</length>
      <position>
        <x>-500.000</x>
        <y>-3083.333</y>
        <z>-8700.000</z>
      </position>
      <rotation>
        <x>0.000000</x>
        <y>0.000000</y>
        <z>-1.570796</z>
      </rotation>
    </collision-plane>
    <collision-plane id="0">
      <width>500.000</width>
      <length>500.000</length>
      <position>
        <x>750.000</x>
        <y>-2250.000</y>
        <z>-8700.000</z>
      </position>
      <rotation>
        <x>0.000000</x>
        <y>0.000000</y>
        <z>0.000000</z>
      </rotation>
    </collision-plane>
    <collision-plane id="0">
      <width>500.000</width>
      <length>500.000</length>
      <position>
        <x>-1750.000</x>
        <y>-750.000</y>
        <z>-8700.000</z>
      </position>
      <rotation>
        <x>0.000000</x>
        <y>0.000000</y>
        <z>-1.570796</z>
      </rotation>
    </collision-plane>
    <collision-plane id="0">
      <width>500.000</width>
      <length>500.000</length>
      <position>
        <x>750.000</x>
        <y>1250.000</y>
        <z>-8700.000</z>
      </position>
      <rotation>
        <x>0.000000</x>
        <y>0.000000</y>
        <z>-3.141592</z>
      </rotation>
    </collision-plane>
    <collision-plane id="0">
      <width>600.000</width>
      <length>1000.000</length>
      <position>
        <x>2666.666</x>
        <y>500.000</y>
        <z>-9000.000</z>
      </position>
      <rotation>
        <x>0.000000</x>
        <y>1.570796</y>
        <z>0.000000</z>
      </rotation>
    </collision-plane>
    <collision-plane id="0">
      <width>166.665</width>
      <length>1000.000</length>
      <position>
        <x>2583.333</x>
        <y>500.000</y>
        <z>-8700.000</z>
      </position>
      <rotation>
        <x>0.000000</x>
        <y>0.000000</y>
        <z>0.000000</z>
      </rotation>
    </collision-plane>
    <collision-plane id="0">
      <width>500.000</width>
      <length>500.000</length>
      <position>
        <x>-1750.000</x>
        <y>-2750.000</y>
        <z>-8700.000</z>
      </position>
      <rotation>
        <x>0.000000</x>
        <y>0.000000</y>
        <z>0.000000</z>
      </rotation>
    </collision-plane>
    <collision-plane id="0">
      <width>600.000</width>
      <length>1000.000</length>
      <position>
        <x>2666.666</x>
        <y>-1500.000</y>
        <z>-9000.000</z>
      </position>
      <rotation>
        <x>0.000000</x>
        <y>1.570796</y>
        <z>0.000000</z>
      </rotation>
    </collision-plane>
    <collision-plane id="0">
      <width>166.665</width>
      <length>1000.000</length>
      <position>
        <x>2583.333</x>
        <y>-1500.000</y>
        <z>-8700.000</z>
      </position>
      <rotation>
        <x>0.000000</x>
        <y>0.000000</y>
        <z>0.000000</z>
      </rotation>
    </collision-plane>
    <collision-plane id="0">
      <width>500.000</width>
      <length>500.000</length>
      <position>
        <x>-1250.000</x>
        <y>-750.000</y>
        <z>-8700.000</z>
      </position>
      <rotation>
        <x>0.000000</x>
        <y>0.000000</y>
        <z>1.570796</z>
      </rotation>
    </collision-plane>
    <collision-plane id="0">
      <width>600.000</width>
      <length>1000.000</length>
      <position>
        <x>2000.000</x>
        <y>1666.666</y>
        <z>-9000.000</z>
      </position>
      <rotation>
        <x>0.000000</x>
        <y>1.570796</y>
        <z>1.570796</z>
      </rotation>
    </collision-plane>
    <collision-plane id="0">
      <width>166.665</width>
      <length>1000.000</length>
      <position>
        <x>2000.000</x>
        <y>1583.333</y>
        <z>-8700.000</z>
      </position>
      <rotation>
        <x>0.000000</x>
        <y>0.000000</y>
        <z>1.570796</z>
      </rotation>
    </collision-plane>
    <collision-plane id="0">
      <width>600.000</width>
      <length>1000.000</length>
      <position>
        <x>0.001</x>
        <y>1666.666</y>
        <z>-9000.000</z>
      </position>
      <rotation>
        <x>0.000000</x>
        <y>1.570796</y>
        <z>1.570796</z>
      </rotation>
    </collision-plane>
    <collision-plane id="0">
      <width>166.665</width>
      <length>1000.000</length>
      <position>
        <x>0.000</x>
        <y>1583.333</y>
        <z>-8700.000</z>
      </position>
      <rotation>
        <x>0.000000</x>
        <y>0.000000</y>
        <z>1.570796</z>
      </rotation>
    </collision-plane>
    <collision-triangle id="0">
      <v0>
        <x>-157.134</x>
        <y>-200.000</y>
        <z>0.000</z>
      </v0>
      <v1>
        <x>78.567</x>
        <y>-200.000</y>
        <z>0.000</z>
      </v1>
      <v2>
        <x>78.567</x>
        <y>400.000</y>
        <z>0.000</z>
      </v2>
      <position>
        <x>-2055.554</x>
        <y>1611.111</y>
        <z>-8900.000</z>
      </position>
      <rotation>
        <x>-1.570795</x>
        <y>0.000000</y>
        <z>0.785405</z>
      </rotation>
    </collision-triangle>
    <collision-triangle id="0">
      <v0>
        <x>-157.134</x>
        <y>-200.000</y>
        <z>0.000</z>
      </v0>
      <v1>
        <x>78.567</x>
        <y>-200.000</y>
        <z>0.000</z>
      </v1>
      <v2>
        <x>78.567</x>
        <y>400.000</y>
        <z>0.000</z>
      </v2>
      <position>
        <x>-2111.110</x>
        <y>1555.555</y>
        <z>-9100.000</z>
      </position>
      <rotation>
        <x>1.570794</x>
        <y>0.000000</y>
        <z>-2.356190</z>
      </rotation>
    </collision-triangle>
    <collision-triangle id="0">
      <v0>
        <x>-111.111</x>
        <y>-55.556</y>
        <z>0.000</z>
      </v0>
      <v1>
        <x>55.558</x>
        <y>-55.556</y>
        <z>0.000</z>
      </v1>
      <v2>
        <x>55.554</x>
        <y>111.112</y>
        <z>0.000</z>
      </v2>
      <position>
        <x>-2055.553</x>
        <y>1555.555</y>
        <z>-8700.000</z>
      </position>
      <rotation>
        <x>-0.000001</x>
        <y>-0.000001</y>
        <z>-0.000000</z>
      </rotation>
    </collision-triangle>
    <collision-plane id="0">
      <width>600.000</width>
      <length>500.000</length>
      <position>
        <x>-2166.667</x>
        <y>-2750.000</y>
        <z>-9000.000</z>
      </position>
      <rotation>
        <x>0.000000</x>
        <y>1.570796</y>
        <z>3.141592</z>
      </rotation>
    </collision-plane>
    <collision-plane id="0">
      <width>166.666</width>
      <length>500.000</length>
      <position>
        <x>-2083.333</x>
        <y>-2750.000</y>
        <z>-8700.000</z>
      </position>
      <rotation>
        <x>0.000000</x>
        <y>0.000001</y>
        <z>3.141592</z>
      </rotation>
    </collision-plane>
    <collision-plane id="0">
      <width>500.000</width>
      <length>500.000</length>
      <position>
        <x>2250.000</x>
        <y>1250.000</y>
        <z>-8700.000</z>
      </position>
      <rotation>
        <x>0.000000</x>
        <y>0.000000</y>
        <z>-3.141592</z>
      </rotation>
    </collision-plane>
    <collision-plane id="0">
      <width>382.420</width>
      <length>695.795</length>
      <position>
        <x>1447.897</x>
        <y>-1500.000</y>
        <z>-8508.790</z>
      </position>
      <rotation>
        <x>0.000000</x>
        <y>-1.570796</y>
        <z>3.141592</z>
      </rotation>
    </collision-plane>
    <collision-triangle id="0">
      <v0>
        <x>-277.543</x>
        <y>-91.356</y>
        <z>0.000</z>
      </v0>
      <v1>
        <x>138.772</x>
        <y>-91.356</y>
        <z>0.000</z>
      </v1>
      <v2>
        <x>138.771</x>
        <y>182.713</y>
        <z>0.000</z>
      </v2>
      <position>
        <x>522.902</x>
        <y>-1300.445</y>
        <z>-8226.224</z>
      </position>
      <rotation>
        <x>1.570797</x>
        <y>0.000000</y>
        <z>-1.570797</z>
      </rotation>
    </collision-triangle>
    <collision-plane id="0">
      <width>141.421</width>
      <length>375.409</length>
      <position>
        <x>1397.898</x>
        <y>-1102.103</y>
        <z>-8512.296</z>
      </position>
      <rotation>
        <x>-1.570796</x>
        <y>0.000000</y>
        <z>-0.785398</z>
      </rotation>
    </collision-plane>
    <collision-triangle id="0">
      <v0>
        <x>-182.712</x>
        <y>-138.772</y>
        <z>0.000</z>
      </v0>
      <v1>
        <x>91.356</x>
        <y>-138.772</y>
        <z>0.000</z>
      </v1>
      <v2>
        <x>91.356</x>
        <y>277.543</y>
        <z>0.000</z>
      </v2>
      <position>
        <x>522.902</x>
        <y>-1699.554</y>
        <z>-8226.224</z>
      </position>
      <rotation>
        <x>-2.498092</x>
        <y>1.570795</y>
        <z>0.643501</z>
      </rotation>
    </collision-triangle>
    <collision-plane id="0">
      <width>141.421</width>
      <length>375.409</length>
      <position>
        <x>602.103</x>
        <y>-1102.102</y>
        <z>-8512.296</z>
      </position>
      <rotation>
        <x>-1.570796</x>
        <y>0.000000</y>
        <z>0.785398</z>
      </rotation>
    </collision-plane>
    <collision-plane id="0">
      <width>695.795</width>
      <length>375.409</length>
      <position>
        <x>552.103</x>
        <y>-1500.000</y>
        <z>-8512.296</z>
      </position>
      <rotation>
        <x>-1.570796</x>
        <y>0.000000</y>
        <z>1.570796</z>
      </rotation>
    </collision-plane>
    <collision-triangle id="0">
      <v0>
        <x>-416.078</x>
        <y>-28.241</y>
        <z>0.000</z>
      </v0>
      <v1>
        <x>164.449</x>
        <y>-28.241</y>
        <z>0.000</z>
      </v1>
      <v2>
        <x>251.628</x>
        <y>56.483</y>
        <z>0.000</z>
      </v2>
      <position>
        <x>1278.682</x>
        <y>-1340.967</y>
        <z>-8134.868</z>
      </position>
      <rotation>
        <x>-0.583634</x>
        <y>-0.491675</y>
        <z>-2.191454</z>
      </rotation>
    </collision-triangle>
    <collision-triangle id="0">
      <v0>
        <x>-332.286</x>
        <y>-218.857</y>
        <z>0.000</z>
      </v0>
      <v1>
        <x>166.143</x>
        <y>-218.857</y>
        <z>0.000</z>
      </v1>
      <v2>
        <x>166.143</x>
        <y>437.714</y>
        <z>0.000</z>
      </v2>
      <position>
        <x>741.759</x>
        <y>-1300.445</y>
        <z>-8134.868</z>
      </position>
      <rotation>
        <x>-0.000000</x>
        <y>-0.582203</y>
        <z>-1.570797</z>
      </rotation>
    </collision-triangle>
    <collision-plane id="0">
      <width>695.795</width>
      <length>375.409</length>
      <position>
        <x>1000.000</x>
        <y>-1947.897</y>
        <z>-8512.296</z>
      </position>
      <rotation>
        <x>-1.570796</x>
        <y>0.000000</y>
        <z>3.141592</z>
      </rotation>
    </collision-plane>
    <collision-triangle id="0">
      <v0>
        <x>-499.222</x>
        <y>-187.906</y>
        <z>0.000</z>
      </v0>
      <v1>
        <x>81.305</x>
        <y>-187.906</y>
        <z>0.000</z>
      </v1>
      <v2>
        <x>417.916</x>
        <y>375.813</y>
        <z>0.000</z>
      </v2>
      <position>
        <x>1059.824</x>
        <y>-1699.555</y>
        <z>-8134.868</z>
      </position>
      <rotation>
        <x>-0.325502</x>
        <y>-0.491675</y>
        <z>2.191453</z>
      </rotation>
    </collision-triangle>
    <collision-triangle id="0">
      <v0>
        <x>-332.286</x>
        <y>-318.065</y>
        <z>0.000</z>
      </v0>
      <v1>
        <x>166.143</x>
        <y>-318.065</y>
        <z>0.000</z>
      </v1>
      <v2>
        <x>166.143</x>
        <y>636.130</y>
        <z>0.000</z>
      </v2>
      <position>
        <x>840.967</x>
        <y>-1838.326</y>
        <z>-8226.224</z>
      </position>
      <rotation>
        <x>0.000000</x>
        <y>0.582203</y>
        <z>-1.570796</z>
      </rotation>
    </collision-triangle>
    <collision-box id="0">
      <size>
        <x>121.567</x>
        <y>104.280</y>
        <z>804.214</z>
      </size>
      <position>
        <x>559.014</x>
        <y>-1500.000</y>
        <z>-8297.893</z>
      </position>
      <rotation>
        <x>0.000000</x>
        <y>0.000000</y>
        <z>1.570796</z>
      </rotation>
    </collision-box>
    <collision-triangle id="0">
      <v0>
        <x>-158.923</x>
        <y>-221.671</y>
        <z>0.000</z>
      </v0>
      <v1>
        <x>421.604</x>
        <y>-221.671</y>
        <z>0.000</z>
      </v1>
      <v2>
        <x>-262.681</x>
        <y>443.343</y>
        <z>0.000</z>
      </v2>
      <position>
        <x>1377.890</x>
        <y>-1520.261</y>
        <z>-8226.224</z>
      </position>
      <rotation>
        <x>-0.583634</x>
        <y>0.491675</y>
        <z>-0.950139</z>
      </rotation>
    </collision-triangle>
    <collision-plane id="0">
      <width>695.795</width>
      <length>375.409</length>
      <position>
        <x>1000.000</x>
        <y>-1052.102</y>
        <z>-8512.296</z>
      </position>
      <rotation>
        <x>-1.570796</x>
        <y>0.000000</y>
        <z>-0.000000</z>
      </rotation>
    </collision-plane>
    <collision-triangle id="0">
      <v0>
        <x>-223.953</x>
        <y>-273.084</y>
        <z>0.000</z>
      </v0>
      <v1>
        <x>356.574</x>
        <y>-273.084</y>
        <z>0.000</z>
      </v1>
      <v2>
        <x>-132.622</x>
        <y>546.169</y>
        <z>0.000</z>
      </v2>
      <position>
        <x>1059.825</x>
        <y>-1161.674</y>
        <z>-8226.224</z>
      </position>
      <rotation>
        <x>-0.325502</x>
        <y>0.491675</y>
        <z>0.950139</z>
      </rotation>
    </collision-triangle>
    <collision-plane id="0">
      <width>1000.000</width>
      <length>1000.000</length>
      <position>
        <x>1000.000</x>
        <y>-1500.000</y>
        <z>-8700.000</z>
      </position>
      <rotation>
        <x>0.000000</x>
        <y>0.000000</y>
        <z>3.141592</z>
      </rotation>
    </collision-plane>
    <collision-plane id="0">
      <width>141.421</width>
      <length>375.409</length>
      <position>
        <x>602.102</x>
        <y>-1897.897</y>
        <z>-8512.296</z>
      </position>
      <rotation>
        <x>-1.570796</x>
        <y>0.000000</y>
        <z>2.356194</z>
      </rotation>
    </collision-plane>
    <collision-plane id="0">
      <width>141.421</width>
      <length>375.409</length>
      <position>
        <x>1397.897</x>
        <y>-1897.898</y>
        <z>-8512.296</z>
      </position>
      <rotation>
        <x>-1.570796</x>
        <y>0.000000</y>
        <z>-2.356195</z>
      </rotation>
    </collision-plane>
    <collision-plane id="0">
      <width>500.000</width>
      <length>500.000</length>
      <position>
        <x>1250.000</x>
        <y>250.000</y>
        <z>-8700.000</z>
      </position>
      <rotation>
        <x>0.000000</x>
        <y>0.000000</y>
        <z>1.570796</z>
      </rotation>
    </collision-plane>
    <collision-plane id="0">
      <width>500.000</width>
      <length>500.000</length>
      <position>
        <x>-1250.000</x>
        <y>-2250.000</y>
        <z>-8700.000</z>
      </position>
      <rotation>
        <x>0.000000</x>
        <y>0.000000</y>
        <z>1.570796</z>
      </rotation>
    </collision-plane>
    <collision-plane id="0">
      <width>500.000</width>
      <length>500.000</length>
      <position>
        <x>1750.000</x>
        <y>250.000</y>
        <z>-8700.000</z>
      </position>
      <rotation>
        <x>0.000000</x>
        <y>0.000000</y>
        <z>0.000000</z>
      </rotation>
    </collision-plane>
    <collision-plane id="0">
      <width>500.000</width>
      <length>500.000</length>
      <position>
        <x>-1250.000</x>
        <y>-2750.000</y>
        <z>-8700.000</z>
      </position>
      <rotation>
        <x>0.000000</x>
        <y>0.000000</y>
        <z>-0.000000</z>
      </rotation>
    </collision-plane>
    <collision-triangle id="0">
      <v0>
        <x>-157.134</x>
        <y>-200.000</y>
        <z>0.000</z>
      </v0>
      <v1>
        <x>78.567</x>
        <y>-200.000</y>
        <z>0.000</z>
      </v1>
      <v2>
        <x>78.567</x>
        <y>400.000</y>
        <z>0.000</z>
      </v2>
      <position>
        <x>2611.111</x>
        <y>1555.554</y>
        <z>-8900.000</z>
      </position>
      <rotation>
        <x>-1.570795</x>
        <y>0.000000</y>
        <z>-0.785391</z>
      </rotation>
    </collision-triangle>
    <collision-triangle id="0">
      <v0>
        <x>-157.134</x>
        <y>-200.000</y>
        <z>0.000</z>
      </v0>
      <v1>
        <x>78.567</x>
        <y>-200.000</y>
        <z>0.000</z>
      </v1>
      <v2>
        <x>78.567</x>
        <y>400.000</y>
        <z>0.000</z>
      </v2>
      <position>
        <x>2555.555</x>
        <y>1611.110</y>
        <z>-9100.000</z>
      </position>
      <rotation>
        <x>1.570794</x>
        <y>0.000000</y>
        <z>2.356199</z>
      </rotation>
    </collision-triangle>
    <collision-triangle id="0">
      <v0>
        <x>-111.111</x>
        <y>-55.556</y>
        <z>0.000</z>
      </v0>
      <v1>
        <x>55.558</x>
        <y>-55.556</y>
        <z>0.000</z>
      </v1>
      <v2>
        <x>55.554</x>
        <y>111.112</y>
        <z>0.000</z>
      </v2>
      <position>
        <x>2555.555</x>
        <y>1555.553</y>
        <z>-8700.000</z>
      </position>
      <rotation>
        <x>-0.000001</x>
        <y>-0.000001</y>
        <z>-1.570796</z>
      </rotation>
    </collision-triangle>
    <collision-plane id="0">
      <width>600.000</width>
      <length>1000.000</length>
      <position>
        <x>1000.000</x>
        <y>1666.666</y>
        <z>-9000.000</z>
      </position>
      <rotation>
        <x>0.000000</x>
        <y>1.570796</y>
        <z>1.570796</z>
      </rotation>
    </collision-plane>
    <collision-plane id="0">
      <width>166.665</width>
      <length>1000.000</length>
      <position>
        <x>1000.000</x>
        <y>1583.333</y>
        <z>-8700.000</z>
      </position>
      <rotation>
        <x>0.000000</x>
        <y>0.000000</y>
        <z>1.570796</z>
      </rotation>
    </collision-plane>
    <collision-plane id="0">
      <width>600.000</width>
      <length>1000.000</length>
      <position>
        <x>-1000.000</x>
        <y>1666.666</y>
        <z>-9000.000</z>
      </position>
      <rotation>
        <x>0.000000</x>
        <y>1.570796</y>
        <z>1.570796</z>
      </rotation>
    </collision-plane>
    <collision-plane id="0">
      <width>166.665</width>
      <length>1000.000</length>
      <position>
        <x>-1000.000</x>
        <y>1583.333</y>
        <z>-8700.000</z>
      </position>
      <rotation>
        <x>0.000000</x>
        <y>0.000000</y>
        <z>1.570796</z>
      </rotation>
    </collision-plane>
    <collision-plane id="0">
      <width>500.000</width>
      <length>500.000</length>
      <position>
        <x>2250.000</x>
        <y>-2750.000</y>
        <z>-8700.000</z>
      </position>
      <rotation>
        <x>0.000000</x>
        <y>0.000000</y>
        <z>1.570796</z>
      </rotation>
    </collision-plane>
    <collision-plane id="0">
      <width>500.000</width>
      <length>500.000</length>
      <position>
        <x>750.000</x>
        <y>-750.000</y>
        <z>-8700.000</z>
      </position>
      <rotation>
        <x>0.000000</x>
        <y>0.000000</y>
        <z>1.570796</z>
      </rotation>
    </collision-plane>
    <collision-plane id="0">
      <width>500.000</width>
      <length>500.000</length>
      <position>
        <x>1250.000</x>
        <y>-750.000</y>
        <z>-8700.000</z>
      </position>
      <rotation>
        <x>0.000000</x>
        <y>0.000000</y>
        <z>1.570796</z>
      </rotation>
    </collision-plane>
    <collision-plane id="0">
      <width>500.000</width>
      <length>500.000</length>
      <position>
        <x>-750.000</x>
        <y>-2250.000</y>
        <z>-8700.000</z>
      </position>
      <rotation>
        <x>0.000000</x>
        <y>0.000000</y>
        <z>-3.141592</z>
      </rotation>
    </collision-plane>
    <collision-plane id="0">
      <width>600.000</width>
      <length>500.000</length>
      <position>
        <x>2666.667</x>
        <y>1250.000</y>
        <z>-9000.000</z>
      </position>
      <rotation>
        <x>0.000000</x>
        <y>1.570796</y>
        <z>0.000000</z>
      </rotation>
    </collision-plane>
    <collision-plane id="0">
      <width>166.666</width>
      <length>500.000</length>
      <position>
        <x>2583.333</x>
        <y>1250.000</y>
        <z>-8700.000</z>
      </position>
      <rotation>
        <x>0.000000</x>
        <y>0.000001</y>
        <z>0.000000</z>
      </rotation>
    </collision-plane>
    <collision-plane id="0">
      <width>500.000</width>
      <length>500.000</length>
      <position>
        <x>2250.000</x>
        <y>750.000</y>
        <z>-8700.000</z>
      </position>
      <rotation>
        <x>0.000000</x>
        <y>0.000000</y>
        <z>1.570796</z>
      </rotation>
    </collision-plane>
    <collision-plane id="0">
      <width>600.000</width>
      <length>1000.000</length>
      <position>
        <x>-2166.666</x>
        <y>1000.000</y>
        <z>-9000.000</z>
      </position>
      <rotation>
        <x>0.000000</x>
        <y>1.570796</y>
        <z>-3.141592</z>
      </rotation>
    </collision-plane>
    <collision-plane id="0">
      <width>166.665</width>
      <length>1000.000</length>
      <position>
        <x>-2083.333</x>
        <y>1000.000</y>
        <z>-8700.000</z>
      </position>
      <rotation>
        <x>0.000000</x>
        <y>0.000000</y>
        <z>-3.141592</z>
      </rotation>
    </collision-plane>
  </collision-geometry>
  <spawn-points>
    <spawn-point type="red" free="true">
      <position>
        <x>2216.266</x>
        <y>-1345.852</y>
        <z>-8700.000</z>
      </position>
      <rotation>
        <z>0.175</z>
      </rotation>
    </spawn-point>
    <spawn-point type="dm" free="true">
      <position>
        <x>-79.887</x>
        <y>-2577.954</y>
        <z>-8700.000</z>
      </position>
      <rotation>
        <z>0.698</z>
      </rotation>
    </spawn-point>
    <spawn-point type="blue" free="true">
      <position>
        <x>-1624.592</x>
        <y>602.780</y>
        <z>-8700.000</z>
      </position>
      <rotation>
        <z>3.752</z>
      </rotation>
    </spawn-point>
    <spawn-point type="dm" free="true">
      <position>
        <x>2062.369</x>
        <y>1168.821</y>
        <z>-8700.000</z>
      </position>
      <rotation>
        <z>2.793</z>
      </rotation>
    </spawn-point>
    <spawn-point type="dm" free="true">
      <position>
        <x>622.762</x>
        <y>-2466.560</y>
        <z>-8700.000</z>
      </position>
      <rotation>
        <z>5.061</z>
      </rotation>
    </spawn-point>
    <spawn-point type="blue" free="true">
      <position>
        <x>-583.286</x>
        <y>1267.518</y>
        <z>-8700.000</z>
      </position>
      <rotation>
        <z>4.276</z>
      </rotation>
    </spawn-point>
    <spawn-point type="red" free="true">
      <position>
        <x>1759.152</x>
        <y>-2717.454</y>
        <z>-8700.000</z>
      </position>
      <rotation>
        <z>1.047</z>
      </rotation>
    </spawn-point>
    <spawn-point type="blue" free="true">
      <position>
        <x>-1494.176</x>
        <y>979.336</y>
        <z>-8700.000</z>
      </position>
      <rotation>
        <z>3.840</z>
      </rotation>
    </spawn-point>
    <spawn-point type="dm" free="true">
      <position>
        <x>1996.280</x>
        <y>51.002</y>
        <z>-8700.000</z>
      </position>
      <rotation>
        <z>1.222</z>
      </rotation>
    </spawn-point>
    <spawn-point type="dm" free="true">
      <position>
        <x>1588.670</x>
        <y>637.880</y>
        <z>-8700.000</z>
      </position>
      <rotation>
        <z>2.793</z>
      </rotation>
    </spawn-point>
    <spawn-point type="blue" free="true">
      <position>
        <x>-1224.396</x>
        <y>1189.537</y>
        <z>-8700.000</z>
      </position>
      <rotation>
        <z>4.538</z>
      </rotation>
    </spawn-point>
    <spawn-point type="dm" free="true">
      <position>
        <x>1894.446</x>
        <y>-1147.100</y>
        <z>-8700.000</z>
      </position>
      <rotation>
        <z>0.349</z>
      </rotation>
    </spawn-point>
    <spawn-point type="red" free="true">
      <position>
        <x>2134.093</x>
        <y>-2618.214</y>
        <z>-8700.000</z>
      </position>
      <rotation>
        <z>0.698</z>
      </rotation>
    </spawn-point>
    <spawn-point type="blue" free="true">
      <position>
        <x>-1676.384</x>
        <y>-136.887</y>
        <z>-8700.000</z>
      </position>
      <rotation>
        <z>3.752</z>
      </rotation>
    </spawn-point>
    <spawn-point type="red" free="true">
      <position>
        <x>2128.148</x>
        <y>-1847.419</y>
        <z>-8700.000</z>
      </position>
      <rotation>
        <z>0.175</z>
      </rotation>
    </spawn-point>
    <spawn-point type="red" free="true">
      <position>
        <x>2291.269</x>
        <y>-958.927</y>
        <z>-8700.000</z>
      </position>
      <rotation>
        <z>0.175</z>
      </rotation>
    </spawn-point>
    <spawn-point type="dm" free="true">
      <position>
        <x>1261.977</x>
        <y>-2403.808</y>
        <z>-8700.000</z>
      </position>
      <rotation>
        <z>1.396</z>
      </rotation>
    </spawn-point>
    <spawn-point type="blue" free="true">
      <position>
        <x>-1590.010</x>
        <y>234.361</y>
        <z>-8700.000</z>
      </position>
      <rotation>
        <z>3.752</z>
      </rotation>
    </spawn-point>
    <spawn-point type="dm" free="true">
      <position>
        <x>-1663.604</x>
        <y>-2538.954</y>
        <z>-8700.000</z>
      </position>
      <rotation>
        <z>-1.047</z>
      </rotation>
    </spawn-point>
    <spawn-point type="blue" free="true">
      <position>
        <x>-816.840</x>
        <y>1172.199</y>
        <z>-8700.000</z>
      </position>
      <rotation>
        <z>4.189</z>
      </rotation>
    </spawn-point>
    <spawn-point type="red" free="true">
      <position>
        <x>775.022</x>
        <y>-2712.710</y>
        <z>-8700.000</z>
      </position>
      <rotation>
        <z>1.396</z>
      </rotation>
    </spawn-point>
    <spawn-point type="dm" free="true">
      <position>
        <x>-980.710</x>
        <y>-2544.163</y>
        <z>-8700.000</z>
      </position>
      <rotation>
        <z>-0.960</z>
      </rotation>
    </spawn-point>
    <spawn-point type="dm" free="true">
      <position>
        <x>-1446.466</x>
        <y>-1119.192</y>
        <z>-8700.000</z>
      </position>
      <rotation>
        <z>5.061</z>
      </rotation>
    </spawn-point>
    <spawn-point type="red" free="true">
      <position>
        <x>404.256</x>
        <y>-2732.829</y>
        <z>-8700.000</z>
      </position>
      <rotation>
        <z>1.658</z>
      </rotation>
    </spawn-point>
    <spawn-point type="blue" free="true">
      <position>
        <x>-175.730</x>
        <y>1250.180</y>
        <z>-8700.000</z>
      </position>
      <rotation>
        <z>4.451</z>
      </rotation>
    </spawn-point>
    <spawn-point type="blue" free="true">
      <position>
        <x>-1700.937</x>
        <y>-574.873</y>
        <z>-8700.000</z>
      </position>
      <rotation>
        <z>3.403</z>
      </rotation>
    </spawn-point>
    <spawn-point type="dm" free="true">
      <position>
        <x>-1268.961</x>
        <y>977.574</y>
        <z>-8700.000</z>
      </position>
      <rotation>
        <z>5.061</z>
      </rotation>
    </spawn-point>
    <spawn-point type="red" free="true">
      <position>
        <x>2279.488</x>
        <y>-2267.018</y>
        <z>-8700.000</z>
      </position>
      <rotation>
        <z>-0.087</z>
      </rotation>
    </spawn-point>
    <spawn-point type="dm" free="true">
      <position>
        <x>-1670.536</x>
        <y>-1698.209</y>
        <z>-8700.000</z>
      </position>
      <rotation>
        <z>-0.436</z>
      </rotation>
    </spawn-point>
    <spawn-point type="dm" free="true">
      <position>
        <x>-904.300</x>
        <y>776.152</y>
        <z>-8700.000</z>
      </position>
      <rotation>
        <z>2.705</z>
      </rotation>
    </spawn-point>
    <spawn-point type="red" free="true">
      <position>
        <x>1204.745</x>
        <y>-2725.292</y>
        <z>-8700.000</z>
      </position>
      <rotation>
        <z>1.047</z>
      </rotation>
    </spawn-point>
    <spawn-point type="dm" free="true">
      <position>
        <x>1993.909</x>
        <y>-2112.960</y>
        <z>-8700.000</z>
      </position>
      <rotation>
        <z>2.182</z>
      </rotation>
    </spawn-point>
    <spawn-point type="dm" free="true">
      <position>
        <x>719.985</x>
        <y>1207.588</y>
        <z>-8700.000</z>
      </position>
      <rotation>
        <z>1.745</z>
      </rotation>
    </spawn-point>
    <spawn-point type="dm" free="true">
      <position>
        <x>-1278.247</x>
        <y>-353.190</y>
        <z>-8700.000</z>
      </position>
      <rotation>
        <z>-0.436</z>
      </rotation>
    </spawn-point>
  </spawn-points>
  <bonus-regions>
    <bonus-region name="bonus1" free="true">
      <position>
        <x>-1349.015</x>
        <y>-2202.037</y>
        <z>-8400.000</z>
      </position>
      <rotation>
        <z>0.000</z>
      </rotation>
      <min>
        <x>-1599.015</x>
        <y>-2452.037</y>
        <z>-8400.000</z>
      </min>
      <max>
        <x>-1099.015</x>
        <y>-1952.037</y>
        <z>-8100.000</z>
      </max>
      <bonus-type>damageup</bonus-type>
    </bonus-region>
    <bonus-region name="bonus1" free="true">
      <position>
        <x>1250.000</x>
        <y>750.000</y>
        <z>-8400.000</z>
      </position>
      <rotation>
        <z>0.000</z>
      </rotation>
      <min>
        <x>1000.000</x>
        <y>500.000</y>
        <z>-8400.000</z>
      </min>
      <max>
        <x>1500.000</x>
        <y>1000.000</y>
        <z>-8100.000</z>
      </max>
      <bonus-type>armorup</bonus-type>
    </bonus-region>
    <bonus-region name="bonus1" free="true">
      <position>
        <x>750.000</x>
        <y>-750.000</y>
        <z>-8400.000</z>
      </position>
      <rotation>
        <z>0.000</z>
      </rotation>
      <min>
        <x>500.000</x>
        <y>-1000.000</y>
        <z>-8400.000</z>
      </min>
      <max>
        <x>1000.000</x>
        <y>-500.000</y>
        <z>-8100.000</z>
      </max>
      <bonus-type>crystal</bonus-type>
    </bonus-region>
    <bonus-region name="bonus1" free="true">
      <position>
        <x>250.000</x>
        <y>-750.000</y>
        <z>-8400.000</z>
      </position>
      <rotation>
        <z>0.000</z>
      </rotation>
      <min>
        <x>0.000</x>
        <y>-1000.000</y>
        <z>-8400.000</z>
      </min>
      <max>
        <x>500.000</x>
        <y>-500.000</y>
        <z>-8100.000</z>
      </max>
      <bonus-type>crystal_100</bonus-type>
    </bonus-region>
    <bonus-region name="bonus1" free="true">
      <position>
        <x>250.000</x>
        <y>-1750.000</y>
        <z>-8400.000</z>
      </position>
      <rotation>
        <z>0.000</z>
      </rotation>
      <min>
        <x>0.000</x>
        <y>-2000.000</y>
        <z>-8400.000</z>
      </min>
      <max>
        <x>500.000</x>
        <y>-1500.000</y>
        <z>-8100.000</z>
      </max>
      <bonus-type>crystal</bonus-type>
    </bonus-region>
  </bonus-regions>
  <ctf-flags>
    <flag-red>
      <x>1750.000</x>
      <y>-2250.000</y>
      <z>-8700.000</z>
    </flag-red>
    <flag-blue>
      <x>-1250.000</x>
      <y>750.000</y>
      <z>-8700.000</z>
    </flag-blue>
  </ctf-flags>
</map>