<map version="1.0.Light">
  <static-geometry>
    <prop library-name="shadow" group-name="shadow" name="map">
      <rotation>
        <z>0.000000</z>
      </rotation>
      <texture-name>level</texture-name>
      <position>
        <x>500.000</x>
        <y>0.000</y>
        <z>0.000</z>
      </position>
    </prop>
  </static-geometry>
  <collision-geometry/>
  <spawn-points>
    <spawn-point type="dm">
      <rotation>
        <z>-1.745</z>
      </rotation>
      <position>
        <x>-250.000</x>
        <y>2750.000</y>
        <z>2400.000</z>
      </position>
    </spawn-point>
    <spawn-point type="dm">
      <rotation>
        <z>0.000</z>
      </rotation>
      <position>
        <x>250.000</x>
        <y>-3250.000</y>
        <z>1200.000</z>
      </position>
    </spawn-point>
  </spawn-points>
  <bonus-regions>
    <bonus-region name="free-bonus" parachute="true">
      <rotation>
        <z>0.000</z>
      </rotation>
      <min>
        <x>-1250.000</x>
        <y>-2750.000</y>
        <z>2400.000</z>
      </min>
      <max>
        <x>-750.000</x>
        <y>-2250.000</y>
        <z>2700.000</z>
      </max>
      <position>
        <x>-1250.000</x>
        <y>-2750.000</y>
        <z>2400.000</z>
      </position>
      <bonus-type>damageup</bonus-type>
      <game-mode>dom</game-mode>
      <game-mode>dm</game-mode>
      <game-mode>ctf</game-mode>
      <game-mode>tdm</game-mode>
    </bonus-region>
    <bonus-region name="free-bonus" parachute="true">
      <rotation>
        <z>0.000</z>
      </rotation>
      <min>
        <x>-4750.000</x>
        <y>-2750.000</y>
        <z>2400.000</z>
      </min>
      <max>
        <x>-4250.000</x>
        <y>-2250.000</y>
        <z>2700.000</z>
      </max>
      <position>
        <x>-4750.000</x>
        <y>-2750.000</y>
        <z>2400.000</z>
      </position>
      <bonus-type>damageup</bonus-type>
      <game-mode>dom</game-mode>
      <game-mode>dm</game-mode>
      <game-mode>ctf</game-mode>
      <game-mode>tdm</game-mode>
    </bonus-region>
  </bonus-regions>
</map>